FileName1,NumberOfNucleotides1,NumberOfWeakBonds1,IsPseudoknotted1,TimeToGenerateStructuralSequence1[ns],FileName2,NumberOfNucleotides2,NumberOfWeakBonds2,IsPseudoknotted2,TimeToGenerateStructuralSequence2[ns],MaxNumberOfNucleotides1-2,STREQDistance,TimeToCalculateSTREQDistance[ns]
"CRW_23S_B_Ac_34.ct",3094,934,Yes,16990454,"CRW_23S_B_Ac_35.ct",3122,906,No,72869022,3122,895,47850755
"CRW_23S_B_Ac_34.ct",3094,934,Yes,16990454,"CRW_23S_B_C_13.ct",2941,867,Yes,2299166,3094,1785,19676564
"CRW_23S_B_Ac_34.ct",3094,934,Yes,16990454,"CRW_23S_B_D_20.ct",2880,862,Yes,2314434,3094,1780,9818221
"CRW_23S_B_Ac_34.ct",3094,934,Yes,16990454,"CRW_23S_B_D_21.ct",2880,862,Yes,2317377,3094,1780,5798181
"CRW_23S_B_Ac_34.ct",3094,934,Yes,16990454,"CRW_23S_B_D_49.ct",2915,832,No,1886254,3094,1750,5851822
"CRW_23S_B_Ac_34.ct",3094,934,Yes,16990454,"CRW_23S_B_F_16.ct",2896,862,Yes,2206646,3094,1780,5832654
"CRW_23S_B_Ac_34.ct",3094,934,Yes,16990454,"CRW_23S_B_F_17.ct",2910,866,Yes,2201347,3094,1784,5796136
"CRW_23S_B_Ac_34.ct",3094,934,Yes,16990454,"CRW_23S_B_F_18.ct",2910,866,Yes,1979068,3094,1784,5862669
"CRW_23S_B_Ac_34.ct",3094,934,Yes,16990454,"CRW_23S_B_F_19.ct",2910,866,Yes,2184625,3094,1784,5831610
"CRW_23S_B_Ac_34.ct",3094,934,Yes,16990454,"CRW_23S_B_F_22.ct",2913,871,Yes,2271349,3094,1789,6016370
"CRW_23S_B_Ac_34.ct",3094,934,Yes,16990454,"CRW_23S_B_F_23.ct",2901,858,Yes,1938251,3094,1776,5862627
"CRW_23S_B_Ac_34.ct",3094,934,Yes,16990454,"CRW_23S_B_F_3.ct",2920,866,Yes,2222394,3094,1784,5921658
"CRW_23S_B_Ac_34.ct",3094,934,Yes,16990454,"CRW_23S_B_F_30.ct",2901,868,Yes,2252088,3094,1786,5859932
"CRW_23S_B_Ac_34.ct",3094,934,Yes,16990454,"CRW_23S_B_F_32.ct",2928,868,Yes,2218767,3094,1786,5756273
"CRW_23S_B_Ac_34.ct",3094,934,Yes,16990454,"CRW_23S_B_F_33.ct",2932,872,Yes,2020406,3094,1790,5848540
"CRW_23S_B_Ac_34.ct",3094,934,Yes,16990454,"CRW_23S_B_F_4.ct",2927,871,Yes,2248313,3094,1789,5791581
"CRW_23S_B_Ac_34.ct",3094,934,Yes,16990454,"CRW_23S_B_F_45.ct",2923,874,Yes,2273163,3094,1792,5793873
"CRW_23S_B_Ac_34.ct",3094,934,Yes,16990454,"CRW_23S_B_F_46.ct",2924,876,Yes,2035912,3094,1794,5948918
"CRW_23S_B_Ac_34.ct",3094,934,Yes,16990454,"CRW_23S_B_P_1.ct",2903,871,Yes,1998706,3094,1789,6275489
"CRW_23S_B_Ac_34.ct",3094,934,Yes,16990454,"CRW_23S_B_P_10.ct",2882,863,Yes,2191073,3094,1781,5723474
"CRW_23S_B_Ac_34.ct",3094,934,Yes,16990454,"CRW_23S_B_P_11.ct",2882,862,Yes,2178534,3094,1780,5739493
"CRW_23S_B_Ac_34.ct",3094,934,Yes,16990454,"CRW_23S_B_P_12.ct",2907,872,Yes,2220182,3094,1790,5818032
"CRW_23S_B_Ac_34.ct",3094,934,Yes,16990454,"CRW_23S_B_P_2.ct",2895,868,Yes,2243715,3094,1786,6539338
"CRW_23S_B_Ac_34.ct",3094,934,Yes,16990454,"CRW_23S_B_P_24.ct",2904,869,Yes,2206727,3094,1787,5910587
"CRW_23S_B_Ac_34.ct",3094,934,Yes,16990454,"CRW_23S_B_P_27.ct",2897,866,Yes,1983893,3094,1784,5808663
"CRW_23S_B_Ac_34.ct",3094,934,Yes,16990454,"CRW_23S_B_P_28.ct",2968,822,No,1777364,3094,1740,5466752
"CRW_23S_B_Ac_34.ct",3094,934,Yes,16990454,"CRW_23S_B_P_29.ct",2903,868,Yes,2339815,3094,1786,5855627
"CRW_23S_B_Ac_34.ct",3094,934,Yes,16990454,"CRW_23S_B_P_38.ct",2890,865,Yes,2264600,3094,1783,5834047
"CRW_23S_B_Ac_34.ct",3094,934,Yes,16990454,"CRW_23S_B_P_39.ct",2890,865,Yes,2192582,3094,1783,5837763
"CRW_23S_B_Ac_34.ct",3094,934,Yes,16990454,"CRW_23S_B_P_40.ct",2893,857,Yes,2155179,3094,1775,5801162
"CRW_23S_B_Ac_34.ct",3094,934,Yes,16990454,"CRW_23S_B_P_41.ct",2893,867,Yes,3629588,3094,1785,12506305
"CRW_23S_B_Ac_34.ct",3094,934,Yes,16990454,"CRW_23S_B_P_43.ct",2759,815,Yes,1702635,3094,1733,3199239
"CRW_23S_B_Ac_34.ct",3094,934,Yes,16990454,"CRW_23S_B_P_44.ct",2867,856,Yes,1872507,3094,1774,5127087
"CRW_23S_B_Ac_34.ct",3094,934,Yes,16990454,"CRW_23S_B_P_5.ct",2821,836,Yes,1785865,3094,1754,3343674
"CRW_23S_B_Ac_34.ct",3094,934,Yes,16990454,"CRW_23S_B_P_6.ct",2880,847,Yes,2050485,3094,1765,3443011
"CRW_23S_B_Ac_34.ct",3094,934,Yes,16990454,"CRW_23S_B_P_7.ct",3009,843,Yes,1996481,3094,1761,3403965
"CRW_23S_B_Ac_34.ct",3094,934,Yes,16990454,"CRW_23S_B_P_9.ct",2878,858,Yes,2116906,3094,1776,3590297
"CRW_23S_B_Ac_34.ct",3094,934,Yes,16990454,"CRW_23S_B_S_31.ct",2958,883,Yes,2246688,3094,1801,3554534
"CRW_23S_B_Ac_34.ct",3094,934,Yes,16990454,"CRW_23S_B_S_50.ct",2953,884,Yes,2020100,3094,1802,3496955
"CRW_23S_B_Ac_34.ct",3094,934,Yes,16990454,"CRW_23S_B_S_8.ct",2926,879,Yes,2212754,3094,1797,3446168
"CRW_23S_B_Ac_34.ct",3094,934,Yes,16990454,"CRW_23S_B_T_36.ct",2917,867,Yes,2148546,3094,1785,3377263
"CRW_23S_B_Ac_34.ct",3094,934,Yes,16990454,"CRW_23S_B_T_37.ct",2905,866,Yes,2168692,3094,1784,3431817
"CRW_23S_B_Ac_35.ct",3122,906,No,72869022,"CRW_23S_B_C_13.ct",2941,867,Yes,2299166,3122,1757,3375364
"CRW_23S_B_Ac_35.ct",3122,906,No,72869022,"CRW_23S_B_D_20.ct",2880,862,Yes,2314434,3122,1752,3283044
"CRW_23S_B_Ac_35.ct",3122,906,No,72869022,"CRW_23S_B_D_21.ct",2880,862,Yes,2317377,3122,1752,3303128
"CRW_23S_B_Ac_35.ct",3122,906,No,72869022,"CRW_23S_B_D_49.ct",2915,832,No,1886254,3122,1722,3112721
"CRW_23S_B_Ac_35.ct",3122,906,No,72869022,"CRW_23S_B_F_16.ct",2896,862,Yes,2206646,3122,1752,3211577
"CRW_23S_B_Ac_35.ct",3122,906,No,72869022,"CRW_23S_B_F_17.ct",2910,866,Yes,2201347,3122,1756,3252502
"CRW_23S_B_Ac_35.ct",3122,906,No,72869022,"CRW_23S_B_F_18.ct",2910,866,Yes,1979068,3122,1756,3329775
"CRW_23S_B_Ac_35.ct",3122,906,No,72869022,"CRW_23S_B_F_19.ct",2910,866,Yes,2184625,3122,1756,3341255
"CRW_23S_B_Ac_35.ct",3122,906,No,72869022,"CRW_23S_B_F_22.ct",2913,871,Yes,2271349,3122,1761,3309110
"CRW_23S_B_Ac_35.ct",3122,906,No,72869022,"CRW_23S_B_F_23.ct",2901,858,Yes,1938251,3122,1748,3320649
"CRW_23S_B_Ac_35.ct",3122,906,No,72869022,"CRW_23S_B_F_3.ct",2920,866,Yes,2222394,3122,1756,3321135
"CRW_23S_B_Ac_35.ct",3122,906,No,72869022,"CRW_23S_B_F_30.ct",2901,868,Yes,2252088,3122,1758,3502294
"CRW_23S_B_Ac_35.ct",3122,906,No,72869022,"CRW_23S_B_F_32.ct",2928,868,Yes,2218767,3122,1758,3270888
"CRW_23S_B_Ac_35.ct",3122,906,No,72869022,"CRW_23S_B_F_33.ct",2932,872,Yes,2020406,3122,1762,3333045
"CRW_23S_B_Ac_35.ct",3122,906,No,72869022,"CRW_23S_B_F_4.ct",2927,871,Yes,2248313,3122,1761,3495510
"CRW_23S_B_Ac_35.ct",3122,906,No,72869022,"CRW_23S_B_F_45.ct",2923,874,Yes,2273163,3122,1764,3395388
"CRW_23S_B_Ac_35.ct",3122,906,No,72869022,"CRW_23S_B_F_46.ct",2924,876,Yes,2035912,3122,1766,3341215
"CRW_23S_B_Ac_35.ct",3122,906,No,72869022,"CRW_23S_B_P_1.ct",2903,871,Yes,1998706,3122,1761,3251850
"CRW_23S_B_Ac_35.ct",3122,906,No,72869022,"CRW_23S_B_P_10.ct",2882,863,Yes,2191073,3122,1753,3225153
"CRW_23S_B_Ac_35.ct",3122,906,No,72869022,"CRW_23S_B_P_11.ct",2882,862,Yes,2178534,3122,1752,3201818
"CRW_23S_B_Ac_35.ct",3122,906,No,72869022,"CRW_23S_B_P_12.ct",2907,872,Yes,2220182,3122,1762,3317454
"CRW_23S_B_Ac_35.ct",3122,906,No,72869022,"CRW_23S_B_P_2.ct",2895,868,Yes,2243715,3122,1758,3284237
"CRW_23S_B_Ac_35.ct",3122,906,No,72869022,"CRW_23S_B_P_24.ct",2904,869,Yes,2206727,3122,1759,3272992
"CRW_23S_B_Ac_35.ct",3122,906,No,72869022,"CRW_23S_B_P_27.ct",2897,866,Yes,1983893,3122,1756,3323148
"CRW_23S_B_Ac_35.ct",3122,906,No,72869022,"CRW_23S_B_P_28.ct",2968,822,No,1777364,3122,1712,3087078
"CRW_23S_B_Ac_35.ct",3122,906,No,72869022,"CRW_23S_B_P_29.ct",2903,868,Yes,2339815,3122,1758,3269488
"CRW_23S_B_Ac_35.ct",3122,906,No,72869022,"CRW_23S_B_P_38.ct",2890,865,Yes,2264600,3122,1755,3254682
"CRW_23S_B_Ac_35.ct",3122,906,No,72869022,"CRW_23S_B_P_39.ct",2890,865,Yes,2192582,3122,1755,3441602
"CRW_23S_B_Ac_35.ct",3122,906,No,72869022,"CRW_23S_B_P_40.ct",2893,857,Yes,2155179,3122,1747,3239455
"CRW_23S_B_Ac_35.ct",3122,906,No,72869022,"CRW_23S_B_P_41.ct",2893,867,Yes,3629588,3122,1757,3232187
"CRW_23S_B_Ac_35.ct",3122,906,No,72869022,"CRW_23S_B_P_43.ct",2759,815,Yes,1702635,3122,1705,3132868
"CRW_23S_B_Ac_35.ct",3122,906,No,72869022,"CRW_23S_B_P_44.ct",2867,856,Yes,1872507,3122,1746,3218615
"CRW_23S_B_Ac_35.ct",3122,906,No,72869022,"CRW_23S_B_P_5.ct",2821,836,Yes,1785865,3122,1726,3145716
"CRW_23S_B_Ac_35.ct",3122,906,No,72869022,"CRW_23S_B_P_6.ct",2880,847,Yes,2050485,3122,1737,3165587
"CRW_23S_B_Ac_35.ct",3122,906,No,72869022,"CRW_23S_B_P_7.ct",3009,843,Yes,1996481,3122,1733,3248879
"CRW_23S_B_Ac_35.ct",3122,906,No,72869022,"CRW_23S_B_P_9.ct",2878,858,Yes,2116906,3122,1748,3319708
"CRW_23S_B_Ac_35.ct",3122,906,No,72869022,"CRW_23S_B_S_31.ct",2958,883,Yes,2246688,3122,839,4037982
"CRW_23S_B_Ac_35.ct",3122,906,No,72869022,"CRW_23S_B_S_50.ct",2953,884,Yes,2020100,3122,838,3425251
"CRW_23S_B_Ac_35.ct",3122,906,No,72869022,"CRW_23S_B_S_8.ct",2926,879,Yes,2212754,3122,811,3344844
"CRW_23S_B_Ac_35.ct",3122,906,No,72869022,"CRW_23S_B_T_36.ct",2917,867,Yes,2148546,3122,1757,3414483
"CRW_23S_B_Ac_35.ct",3122,906,No,72869022,"CRW_23S_B_T_37.ct",2905,866,Yes,2168692,3122,1756,3368541
"CRW_23S_B_C_13.ct",2941,867,Yes,2299166,"CRW_23S_B_D_20.ct",2880,862,Yes,2314434,2941,761,8507001
"CRW_23S_B_C_13.ct",2941,867,Yes,2299166,"CRW_23S_B_D_21.ct",2880,862,Yes,2317377,2941,761,3170833
"CRW_23S_B_C_13.ct",2941,867,Yes,2299166,"CRW_23S_B_D_49.ct",2915,832,No,1886254,2941,1683,3050062
"CRW_23S_B_C_13.ct",2941,867,Yes,2299166,"CRW_23S_B_F_16.ct",2896,862,Yes,2206646,2941,656,3187645
"CRW_23S_B_C_13.ct",2941,867,Yes,2299166,"CRW_23S_B_F_17.ct",2910,866,Yes,2201347,2941,740,3209662
"CRW_23S_B_C_13.ct",2941,867,Yes,2299166,"CRW_23S_B_F_18.ct",2910,866,Yes,1979068,2941,740,3166198
"CRW_23S_B_C_13.ct",2941,867,Yes,2299166,"CRW_23S_B_F_19.ct",2910,866,Yes,2184625,2941,740,3572076
"CRW_23S_B_C_13.ct",2941,867,Yes,2299166,"CRW_23S_B_F_22.ct",2913,871,Yes,2271349,2941,816,3326283
"CRW_23S_B_C_13.ct",2941,867,Yes,2299166,"CRW_23S_B_F_23.ct",2901,858,Yes,1938251,2941,749,3246166
"CRW_23S_B_C_13.ct",2941,867,Yes,2299166,"CRW_23S_B_F_3.ct",2920,866,Yes,2222394,2941,791,3257992
"CRW_23S_B_C_13.ct",2941,867,Yes,2299166,"CRW_23S_B_F_30.ct",2901,868,Yes,2252088,2941,776,3162233
"CRW_23S_B_C_13.ct",2941,867,Yes,2299166,"CRW_23S_B_F_32.ct",2928,868,Yes,2218767,2941,702,3219710
"CRW_23S_B_C_13.ct",2941,867,Yes,2299166,"CRW_23S_B_F_33.ct",2932,872,Yes,2020406,2941,770,3216001
"CRW_23S_B_C_13.ct",2941,867,Yes,2299166,"CRW_23S_B_F_4.ct",2927,871,Yes,2248313,2941,518,3261476
"CRW_23S_B_C_13.ct",2941,867,Yes,2299166,"CRW_23S_B_F_45.ct",2923,874,Yes,2273163,2941,786,3290121
"CRW_23S_B_C_13.ct",2941,867,Yes,2299166,"CRW_23S_B_F_46.ct",2924,876,Yes,2035912,2941,780,3224584
"CRW_23S_B_C_13.ct",2941,867,Yes,2299166,"CRW_23S_B_P_1.ct",2903,871,Yes,1998706,2941,469,3134934
"CRW_23S_B_C_13.ct",2941,867,Yes,2299166,"CRW_23S_B_P_10.ct",2882,863,Yes,2191073,2941,799,3081739
"CRW_23S_B_C_13.ct",2941,867,Yes,2299166,"CRW_23S_B_P_11.ct",2882,862,Yes,2178534,2941,785,3074556
"CRW_23S_B_C_13.ct",2941,867,Yes,2299166,"CRW_23S_B_P_12.ct",2907,872,Yes,2220182,2941,799,3247726
"CRW_23S_B_C_13.ct",2941,867,Yes,2299166,"CRW_23S_B_P_2.ct",2895,868,Yes,2243715,2941,766,3129279
"CRW_23S_B_C_13.ct",2941,867,Yes,2299166,"CRW_23S_B_P_24.ct",2904,869,Yes,2206727,2941,755,3128934
"CRW_23S_B_C_13.ct",2941,867,Yes,2299166,"CRW_23S_B_P_27.ct",2897,866,Yes,1983893,2941,682,3097898
"CRW_23S_B_C_13.ct",2941,867,Yes,2299166,"CRW_23S_B_P_28.ct",2968,822,No,1777364,2968,1673,3007114
"CRW_23S_B_C_13.ct",2941,867,Yes,2299166,"CRW_23S_B_P_29.ct",2903,868,Yes,2339815,2941,709,3110127
"CRW_23S_B_C_13.ct",2941,867,Yes,2299166,"CRW_23S_B_P_38.ct",2890,865,Yes,2264600,2941,783,3110849
"CRW_23S_B_C_13.ct",2941,867,Yes,2299166,"CRW_23S_B_P_39.ct",2890,865,Yes,2192582,2941,783,3081745
"CRW_23S_B_C_13.ct",2941,867,Yes,2299166,"CRW_23S_B_P_40.ct",2893,857,Yes,2155179,2941,773,3170205
"CRW_23S_B_C_13.ct",2941,867,Yes,2299166,"CRW_23S_B_P_41.ct",2893,867,Yes,3629588,2941,734,3105676
"CRW_23S_B_C_13.ct",2941,867,Yes,2299166,"CRW_23S_B_P_43.ct",2759,815,Yes,1702635,2941,1666,3042690
"CRW_23S_B_C_13.ct",2941,867,Yes,2299166,"CRW_23S_B_P_44.ct",2867,856,Yes,1872507,2941,808,3125628
"CRW_23S_B_C_13.ct",2941,867,Yes,2299166,"CRW_23S_B_P_5.ct",2821,836,Yes,1785865,2941,1687,3069817
"CRW_23S_B_C_13.ct",2941,867,Yes,2299166,"CRW_23S_B_P_6.ct",2880,847,Yes,2050485,2941,796,3068543
"CRW_23S_B_C_13.ct",2941,867,Yes,2299166,"CRW_23S_B_P_7.ct",3009,843,Yes,1996481,3009,795,3076154
"CRW_23S_B_C_13.ct",2941,867,Yes,2299166,"CRW_23S_B_P_9.ct",2878,858,Yes,2116906,2941,796,3369058
"CRW_23S_B_C_13.ct",2941,867,Yes,2299166,"CRW_23S_B_S_31.ct",2958,883,Yes,2246688,2958,806,3150790
"CRW_23S_B_C_13.ct",2941,867,Yes,2299166,"CRW_23S_B_S_50.ct",2953,884,Yes,2020100,2953,800,3176816
"CRW_23S_B_C_13.ct",2941,867,Yes,2299166,"CRW_23S_B_S_8.ct",2926,879,Yes,2212754,2941,792,3155393
"CRW_23S_B_C_13.ct",2941,867,Yes,2299166,"CRW_23S_B_T_36.ct",2917,867,Yes,2148546,2941,678,3111498
"CRW_23S_B_C_13.ct",2941,867,Yes,2299166,"CRW_23S_B_T_37.ct",2905,866,Yes,2168692,2941,680,3101954
"CRW_23S_B_D_20.ct",2880,862,Yes,2314434,"CRW_23S_B_D_21.ct",2880,862,Yes,2317377,2880,0,3170998
"CRW_23S_B_D_20.ct",2880,862,Yes,2314434,"CRW_23S_B_D_49.ct",2915,832,No,1886254,2915,1678,3010446
"CRW_23S_B_D_20.ct",2880,862,Yes,2314434,"CRW_23S_B_F_16.ct",2896,862,Yes,2206646,2896,766,3052135
"CRW_23S_B_D_20.ct",2880,862,Yes,2314434,"CRW_23S_B_F_17.ct",2910,866,Yes,2201347,2910,748,3127885
"CRW_23S_B_D_20.ct",2880,862,Yes,2314434,"CRW_23S_B_F_18.ct",2910,866,Yes,1979068,2910,748,3073099
"CRW_23S_B_D_20.ct",2880,862,Yes,2314434,"CRW_23S_B_F_19.ct",2910,866,Yes,2184625,2910,748,3251595
"CRW_23S_B_D_20.ct",2880,862,Yes,2314434,"CRW_23S_B_F_22.ct",2913,871,Yes,2271349,2913,788,3124647
"CRW_23S_B_D_20.ct",2880,862,Yes,2314434,"CRW_23S_B_F_23.ct",2901,858,Yes,1938251,2901,678,3835050
"CRW_23S_B_D_20.ct",2880,862,Yes,2314434,"CRW_23S_B_F_3.ct",2920,866,Yes,2222394,2920,817,3090528
"CRW_23S_B_D_20.ct",2880,862,Yes,2314434,"CRW_23S_B_F_30.ct",2901,868,Yes,2252088,2901,800,3134459
"CRW_23S_B_D_20.ct",2880,862,Yes,2314434,"CRW_23S_B_F_32.ct",2928,868,Yes,2218767,2928,775,3270752
"CRW_23S_B_D_20.ct",2880,862,Yes,2314434,"CRW_23S_B_F_33.ct",2932,872,Yes,2020406,2932,788,3204926
"CRW_23S_B_D_20.ct",2880,862,Yes,2314434,"CRW_23S_B_F_4.ct",2927,871,Yes,2248313,2927,801,3211800
"CRW_23S_B_D_20.ct",2880,862,Yes,2314434,"CRW_23S_B_F_45.ct",2923,874,Yes,2273163,2923,789,3143263
"CRW_23S_B_D_20.ct",2880,862,Yes,2314434,"CRW_23S_B_F_46.ct",2924,876,Yes,2035912,2924,789,3187832
"CRW_23S_B_D_20.ct",2880,862,Yes,2314434,"CRW_23S_B_P_1.ct",2903,871,Yes,1998706,2903,765,3145644
"CRW_23S_B_D_20.ct",2880,862,Yes,2314434,"CRW_23S_B_P_10.ct",2882,863,Yes,2191073,2882,786,3080105
"CRW_23S_B_D_20.ct",2880,862,Yes,2314434,"CRW_23S_B_P_11.ct",2882,862,Yes,2178534,2882,768,3178918
"CRW_23S_B_D_20.ct",2880,862,Yes,2314434,"CRW_23S_B_P_12.ct",2907,872,Yes,2220182,2907,690,3122397
"CRW_23S_B_D_20.ct",2880,862,Yes,2314434,"CRW_23S_B_P_2.ct",2895,868,Yes,2243715,2895,778,3134971
"CRW_23S_B_D_20.ct",2880,862,Yes,2314434,"CRW_23S_B_P_24.ct",2904,869,Yes,2206727,2904,719,3107694
"CRW_23S_B_D_20.ct",2880,862,Yes,2314434,"CRW_23S_B_P_27.ct",2897,866,Yes,1983893,2897,628,3163947
"CRW_23S_B_D_20.ct",2880,862,Yes,2314434,"CRW_23S_B_P_28.ct",2968,822,No,1777364,2968,1668,3021701
"CRW_23S_B_D_20.ct",2880,862,Yes,2314434,"CRW_23S_B_P_29.ct",2903,868,Yes,2339815,2903,756,3149661
"CRW_23S_B_D_20.ct",2880,862,Yes,2314434,"CRW_23S_B_P_38.ct",2890,865,Yes,2264600,2890,735,3137860
"CRW_23S_B_D_20.ct",2880,862,Yes,2314434,"CRW_23S_B_P_39.ct",2890,865,Yes,2192582,2890,735,3128996
"CRW_23S_B_D_20.ct",2880,862,Yes,2314434,"CRW_23S_B_P_40.ct",2893,857,Yes,2155179,2893,776,3280544
"CRW_23S_B_D_20.ct",2880,862,Yes,2314434,"CRW_23S_B_P_41.ct",2893,867,Yes,3629588,2893,762,3170712
"CRW_23S_B_D_20.ct",2880,862,Yes,2314434,"CRW_23S_B_P_43.ct",2759,815,Yes,1702635,2880,1661,2941829
"CRW_23S_B_D_20.ct",2880,862,Yes,2314434,"CRW_23S_B_P_44.ct",2867,856,Yes,1872507,2880,792,4385447
"CRW_23S_B_D_20.ct",2880,862,Yes,2314434,"CRW_23S_B_P_5.ct",2821,836,Yes,1785865,2880,803,5231687
"CRW_23S_B_D_20.ct",2880,862,Yes,2314434,"CRW_23S_B_P_6.ct",2880,847,Yes,2050485,2880,786,5350453
"CRW_23S_B_D_20.ct",2880,862,Yes,2314434,"CRW_23S_B_P_7.ct",3009,843,Yes,1996481,3009,809,6658403
"CRW_23S_B_D_20.ct",2880,862,Yes,2314434,"CRW_23S_B_P_9.ct",2878,858,Yes,2116906,2880,786,12186298
"CRW_23S_B_D_20.ct",2880,862,Yes,2314434,"CRW_23S_B_S_31.ct",2958,883,Yes,2246688,2958,799,3703757
"CRW_23S_B_D_20.ct",2880,862,Yes,2314434,"CRW_23S_B_S_50.ct",2953,884,Yes,2020100,2953,784,3624105
"CRW_23S_B_D_20.ct",2880,862,Yes,2314434,"CRW_23S_B_S_8.ct",2926,879,Yes,2212754,2926,786,3580659
"CRW_23S_B_D_20.ct",2880,862,Yes,2314434,"CRW_23S_B_T_36.ct",2917,867,Yes,2148546,2917,763,4323317
"CRW_23S_B_D_20.ct",2880,862,Yes,2314434,"CRW_23S_B_T_37.ct",2905,866,Yes,2168692,2905,751,3523311
"CRW_23S_B_D_21.ct",2880,862,Yes,2317377,"CRW_23S_B_D_49.ct",2915,832,No,1886254,2915,1678,2948898
"CRW_23S_B_D_21.ct",2880,862,Yes,2317377,"CRW_23S_B_F_16.ct",2896,862,Yes,2206646,2896,766,3314086
"CRW_23S_B_D_21.ct",2880,862,Yes,2317377,"CRW_23S_B_F_17.ct",2910,866,Yes,2201347,2910,748,3323647
"CRW_23S_B_D_21.ct",2880,862,Yes,2317377,"CRW_23S_B_F_18.ct",2910,866,Yes,1979068,2910,748,3096281
"CRW_23S_B_D_21.ct",2880,862,Yes,2317377,"CRW_23S_B_F_19.ct",2910,866,Yes,2184625,2910,748,3110133
"CRW_23S_B_D_21.ct",2880,862,Yes,2317377,"CRW_23S_B_F_22.ct",2913,871,Yes,2271349,2913,788,3173038
"CRW_23S_B_D_21.ct",2880,862,Yes,2317377,"CRW_23S_B_F_23.ct",2901,858,Yes,1938251,2901,678,3195494
"CRW_23S_B_D_21.ct",2880,862,Yes,2317377,"CRW_23S_B_F_3.ct",2920,866,Yes,2222394,2920,817,3136259
"CRW_23S_B_D_21.ct",2880,862,Yes,2317377,"CRW_23S_B_F_30.ct",2901,868,Yes,2252088,2901,800,3126406
"CRW_23S_B_D_21.ct",2880,862,Yes,2317377,"CRW_23S_B_F_32.ct",2928,868,Yes,2218767,2928,775,3083637
"CRW_23S_B_D_21.ct",2880,862,Yes,2317377,"CRW_23S_B_F_33.ct",2932,872,Yes,2020406,2932,788,3228530
"CRW_23S_B_D_21.ct",2880,862,Yes,2317377,"CRW_23S_B_F_4.ct",2927,871,Yes,2248313,2927,801,3767540
"CRW_23S_B_D_21.ct",2880,862,Yes,2317377,"CRW_23S_B_F_45.ct",2923,874,Yes,2273163,2923,789,3178242
"CRW_23S_B_D_21.ct",2880,862,Yes,2317377,"CRW_23S_B_F_46.ct",2924,876,Yes,2035912,2924,789,3312478
"CRW_23S_B_D_21.ct",2880,862,Yes,2317377,"CRW_23S_B_P_1.ct",2903,871,Yes,1998706,2903,765,3161951
"CRW_23S_B_D_21.ct",2880,862,Yes,2317377,"CRW_23S_B_P_10.ct",2882,863,Yes,2191073,2882,786,3165913
"CRW_23S_B_D_21.ct",2880,862,Yes,2317377,"CRW_23S_B_P_11.ct",2882,862,Yes,2178534,2882,768,3088617
"CRW_23S_B_D_21.ct",2880,862,Yes,2317377,"CRW_23S_B_P_12.ct",2907,872,Yes,2220182,2907,690,3249164
"CRW_23S_B_D_21.ct",2880,862,Yes,2317377,"CRW_23S_B_P_2.ct",2895,868,Yes,2243715,2895,778,3143744
"CRW_23S_B_D_21.ct",2880,862,Yes,2317377,"CRW_23S_B_P_24.ct",2904,869,Yes,2206727,2904,719,3117056
"CRW_23S_B_D_21.ct",2880,862,Yes,2317377,"CRW_23S_B_P_27.ct",2897,866,Yes,1983893,2897,628,3263651
"CRW_23S_B_D_21.ct",2880,862,Yes,2317377,"CRW_23S_B_P_28.ct",2968,822,No,1777364,2968,1668,3156271
"CRW_23S_B_D_21.ct",2880,862,Yes,2317377,"CRW_23S_B_P_29.ct",2903,868,Yes,2339815,2903,756,3253859
"CRW_23S_B_D_21.ct",2880,862,Yes,2317377,"CRW_23S_B_P_38.ct",2890,865,Yes,2264600,2890,735,3230984
"CRW_23S_B_D_21.ct",2880,862,Yes,2317377,"CRW_23S_B_P_39.ct",2890,865,Yes,2192582,2890,735,3219402
"CRW_23S_B_D_21.ct",2880,862,Yes,2317377,"CRW_23S_B_P_40.ct",2893,857,Yes,2155179,2893,776,3077765
"CRW_23S_B_D_21.ct",2880,862,Yes,2317377,"CRW_23S_B_P_41.ct",2893,867,Yes,3629588,2893,762,3133054
"CRW_23S_B_D_21.ct",2880,862,Yes,2317377,"CRW_23S_B_P_43.ct",2759,815,Yes,1702635,2880,1661,2930265
"CRW_23S_B_D_21.ct",2880,862,Yes,2317377,"CRW_23S_B_P_44.ct",2867,856,Yes,1872507,2880,792,3140062
"CRW_23S_B_D_21.ct",2880,862,Yes,2317377,"CRW_23S_B_P_5.ct",2821,836,Yes,1785865,2880,803,3117758
"CRW_23S_B_D_21.ct",2880,862,Yes,2317377,"CRW_23S_B_P_6.ct",2880,847,Yes,2050485,2880,786,3037330
"CRW_23S_B_D_21.ct",2880,862,Yes,2317377,"CRW_23S_B_P_7.ct",3009,843,Yes,1996481,3009,809,3091561
"CRW_23S_B_D_21.ct",2880,862,Yes,2317377,"CRW_23S_B_P_9.ct",2878,858,Yes,2116906,2880,786,3137521
"CRW_23S_B_D_21.ct",2880,862,Yes,2317377,"CRW_23S_B_S_31.ct",2958,883,Yes,2246688,2958,799,3113478
"CRW_23S_B_D_21.ct",2880,862,Yes,2317377,"CRW_23S_B_S_50.ct",2953,884,Yes,2020100,2953,784,3173220
"CRW_23S_B_D_21.ct",2880,862,Yes,2317377,"CRW_23S_B_S_8.ct",2926,879,Yes,2212754,2926,786,3193447
"CRW_23S_B_D_21.ct",2880,862,Yes,2317377,"CRW_23S_B_T_36.ct",2917,867,Yes,2148546,2917,763,3639431
"CRW_23S_B_D_21.ct",2880,862,Yes,2317377,"CRW_23S_B_T_37.ct",2905,866,Yes,2168692,2905,751,3476152
"CRW_23S_B_D_49.ct",2915,832,No,1886254,"CRW_23S_B_F_16.ct",2896,862,Yes,2206646,2915,1678,4371370
"CRW_23S_B_D_49.ct",2915,832,No,1886254,"CRW_23S_B_F_17.ct",2910,866,Yes,2201347,2915,1682,3913953
"CRW_23S_B_D_49.ct",2915,832,No,1886254,"CRW_23S_B_F_18.ct",2910,866,Yes,1979068,2915,1682,3850609
"CRW_23S_B_D_49.ct",2915,832,No,1886254,"CRW_23S_B_F_19.ct",2910,866,Yes,2184625,2915,1682,3884963
"CRW_23S_B_D_49.ct",2915,832,No,1886254,"CRW_23S_B_F_22.ct",2913,871,Yes,2271349,2915,1687,3526473
"CRW_23S_B_D_49.ct",2915,832,No,1886254,"CRW_23S_B_F_23.ct",2901,858,Yes,1938251,2915,767,3586970
"CRW_23S_B_D_49.ct",2915,832,No,1886254,"CRW_23S_B_F_3.ct",2920,866,Yes,2222394,2920,1682,3462983
"CRW_23S_B_D_49.ct",2915,832,No,1886254,"CRW_23S_B_F_30.ct",2901,868,Yes,2252088,2915,1684,3521081
"CRW_23S_B_D_49.ct",2915,832,No,1886254,"CRW_23S_B_F_32.ct",2928,868,Yes,2218767,2928,1684,3432982
"CRW_23S_B_D_49.ct",2915,832,No,1886254,"CRW_23S_B_F_33.ct",2932,872,Yes,2020406,2932,1688,3546580
"CRW_23S_B_D_49.ct",2915,832,No,1886254,"CRW_23S_B_F_4.ct",2927,871,Yes,2248313,2927,1687,3483055
"CRW_23S_B_D_49.ct",2915,832,No,1886254,"CRW_23S_B_F_45.ct",2923,874,Yes,2273163,2923,1690,3511063
"CRW_23S_B_D_49.ct",2915,832,No,1886254,"CRW_23S_B_F_46.ct",2924,876,Yes,2035912,2924,1692,3600725
"CRW_23S_B_D_49.ct",2915,832,No,1886254,"CRW_23S_B_P_1.ct",2903,871,Yes,1998706,2915,1687,3679308
"CRW_23S_B_D_49.ct",2915,832,No,1886254,"CRW_23S_B_P_10.ct",2882,863,Yes,2191073,2915,1679,3426761
"CRW_23S_B_D_49.ct",2915,832,No,1886254,"CRW_23S_B_P_11.ct",2882,862,Yes,2178534,2915,1678,3364361
"CRW_23S_B_D_49.ct",2915,832,No,1886254,"CRW_23S_B_P_12.ct",2907,872,Yes,2220182,2915,1688,3503295
"CRW_23S_B_D_49.ct",2915,832,No,1886254,"CRW_23S_B_P_2.ct",2895,868,Yes,2243715,2915,1686,3557521
"CRW_23S_B_D_49.ct",2915,832,No,1886254,"CRW_23S_B_P_24.ct",2904,869,Yes,2206727,2915,1685,3515164
"CRW_23S_B_D_49.ct",2915,832,No,1886254,"CRW_23S_B_P_27.ct",2897,866,Yes,1983893,2915,1684,3439493
"CRW_23S_B_D_49.ct",2915,832,No,1886254,"CRW_23S_B_P_28.ct",2968,822,No,1777364,2968,781,3218869
"CRW_23S_B_D_49.ct",2915,832,No,1886254,"CRW_23S_B_P_29.ct",2903,868,Yes,2339815,2915,1686,3391978
"CRW_23S_B_D_49.ct",2915,832,No,1886254,"CRW_23S_B_P_38.ct",2890,865,Yes,2264600,2915,1681,3355395
"CRW_23S_B_D_49.ct",2915,832,No,1886254,"CRW_23S_B_P_39.ct",2890,865,Yes,2192582,2915,1681,3363250
"CRW_23S_B_D_49.ct",2915,832,No,1886254,"CRW_23S_B_P_40.ct",2893,857,Yes,2155179,2915,799,3376843
"CRW_23S_B_D_49.ct",2915,832,No,1886254,"CRW_23S_B_P_41.ct",2893,867,Yes,3629588,2915,1683,3430339
"CRW_23S_B_D_49.ct",2915,832,No,1886254,"CRW_23S_B_P_43.ct",2759,815,Yes,1702635,2915,791,3119773
"CRW_23S_B_D_49.ct",2915,832,No,1886254,"CRW_23S_B_P_44.ct",2867,856,Yes,1872507,2915,817,3451385
"CRW_23S_B_D_49.ct",2915,832,No,1886254,"CRW_23S_B_P_5.ct",2821,836,Yes,1785865,2915,797,3468669
"CRW_23S_B_D_49.ct",2915,832,No,1886254,"CRW_23S_B_P_6.ct",2880,847,Yes,2050485,2915,747,4823290
"CRW_23S_B_D_49.ct",2915,832,No,1886254,"CRW_23S_B_P_7.ct",3009,843,Yes,1996481,3009,811,3289728
"CRW_23S_B_D_49.ct",2915,832,No,1886254,"CRW_23S_B_P_9.ct",2878,858,Yes,2116906,2915,783,3336819
"CRW_23S_B_D_49.ct",2915,832,No,1886254,"CRW_23S_B_S_31.ct",2958,883,Yes,2246688,2958,1699,3498597
"CRW_23S_B_D_49.ct",2915,832,No,1886254,"CRW_23S_B_S_50.ct",2953,884,Yes,2020100,2953,1700,3890500
"CRW_23S_B_D_49.ct",2915,832,No,1886254,"CRW_23S_B_S_8.ct",2926,879,Yes,2212754,2926,1695,6228368
"CRW_23S_B_D_49.ct",2915,832,No,1886254,"CRW_23S_B_T_36.ct",2917,867,Yes,2148546,2917,1683,5845683
"CRW_23S_B_D_49.ct",2915,832,No,1886254,"CRW_23S_B_T_37.ct",2905,866,Yes,2168692,2915,1682,5907443
"CRW_23S_B_F_16.ct",2896,862,Yes,2206646,"CRW_23S_B_F_17.ct",2910,866,Yes,2201347,2910,717,6016799
"CRW_23S_B_F_16.ct",2896,862,Yes,2206646,"CRW_23S_B_F_18.ct",2910,866,Yes,1979068,2910,717,5999185
"CRW_23S_B_F_16.ct",2896,862,Yes,2206646,"CRW_23S_B_F_19.ct",2910,866,Yes,2184625,2910,717,5980736
"CRW_23S_B_F_16.ct",2896,862,Yes,2206646,"CRW_23S_B_F_22.ct",2913,871,Yes,2271349,2913,805,6855160
"CRW_23S_B_F_16.ct",2896,862,Yes,2206646,"CRW_23S_B_F_23.ct",2901,858,Yes,1938251,2901,763,5932154
"CRW_23S_B_F_16.ct",2896,862,Yes,2206646,"CRW_23S_B_F_3.ct",2920,866,Yes,2222394,2920,786,5964689
"CRW_23S_B_F_16.ct",2896,862,Yes,2206646,"CRW_23S_B_F_30.ct",2901,868,Yes,2252088,2901,753,6014343
"CRW_23S_B_F_16.ct",2896,862,Yes,2206646,"CRW_23S_B_F_32.ct",2928,868,Yes,2218767,2928,760,5608041
"CRW_23S_B_F_16.ct",2896,862,Yes,2206646,"CRW_23S_B_F_33.ct",2932,872,Yes,2020406,2932,758,6099562
"CRW_23S_B_F_16.ct",2896,862,Yes,2206646,"CRW_23S_B_F_4.ct",2927,871,Yes,2248313,2927,731,6266844
"CRW_23S_B_F_16.ct",2896,862,Yes,2206646,"CRW_23S_B_F_45.ct",2923,874,Yes,2273163,2923,767,5429583
"CRW_23S_B_F_16.ct",2896,862,Yes,2206646,"CRW_23S_B_F_46.ct",2924,876,Yes,2035912,2924,776,5355158
"CRW_23S_B_F_16.ct",2896,862,Yes,2206646,"CRW_23S_B_P_1.ct",2903,871,Yes,1998706,2903,760,5990391
"CRW_23S_B_F_16.ct",2896,862,Yes,2206646,"CRW_23S_B_P_10.ct",2882,863,Yes,2191073,2896,598,6070886
"CRW_23S_B_F_16.ct",2896,862,Yes,2206646,"CRW_23S_B_P_11.ct",2882,862,Yes,2178534,2896,773,5323746
"CRW_23S_B_F_16.ct",2896,862,Yes,2206646,"CRW_23S_B_P_12.ct",2907,872,Yes,2220182,2907,651,5510938
"CRW_23S_B_F_16.ct",2896,862,Yes,2206646,"CRW_23S_B_P_2.ct",2895,868,Yes,2243715,2896,771,5463988
"CRW_23S_B_F_16.ct",2896,862,Yes,2206646,"CRW_23S_B_P_24.ct",2904,869,Yes,2206727,2904,774,5294111
"CRW_23S_B_F_16.ct",2896,862,Yes,2206646,"CRW_23S_B_P_27.ct",2897,866,Yes,1983893,2897,761,5948215
"CRW_23S_B_F_16.ct",2896,862,Yes,2206646,"CRW_23S_B_P_28.ct",2968,822,No,1777364,2968,1668,5152167
"CRW_23S_B_F_16.ct",2896,862,Yes,2206646,"CRW_23S_B_P_29.ct",2903,868,Yes,2339815,2903,764,5289211
"CRW_23S_B_F_16.ct",2896,862,Yes,2206646,"CRW_23S_B_P_38.ct",2890,865,Yes,2264600,2896,791,5343226
"CRW_23S_B_F_16.ct",2896,862,Yes,2206646,"CRW_23S_B_P_39.ct",2890,865,Yes,2192582,2896,791,7407104
"CRW_23S_B_F_16.ct",2896,862,Yes,2206646,"CRW_23S_B_P_40.ct",2893,857,Yes,2155179,2896,778,6104555
"CRW_23S_B_F_16.ct",2896,862,Yes,2206646,"CRW_23S_B_P_41.ct",2893,867,Yes,3629588,2896,746,5937921
"CRW_23S_B_F_16.ct",2896,862,Yes,2206646,"CRW_23S_B_P_43.ct",2759,815,Yes,1702635,2896,1661,5058924
"CRW_23S_B_F_16.ct",2896,862,Yes,2206646,"CRW_23S_B_P_44.ct",2867,856,Yes,1872507,2896,786,11334386
"CRW_23S_B_F_16.ct",2896,862,Yes,2206646,"CRW_23S_B_P_5.ct",2821,836,Yes,1785865,2896,798,5978687
"CRW_23S_B_F_16.ct",2896,862,Yes,2206646,"CRW_23S_B_P_6.ct",2880,847,Yes,2050485,2896,799,5801529
"CRW_23S_B_F_16.ct",2896,862,Yes,2206646,"CRW_23S_B_P_7.ct",3009,843,Yes,1996481,3009,803,5853492
"CRW_23S_B_F_16.ct",2896,862,Yes,2206646,"CRW_23S_B_P_9.ct",2878,858,Yes,2116906,2896,795,5828318
"CRW_23S_B_F_16.ct",2896,862,Yes,2206646,"CRW_23S_B_S_31.ct",2958,883,Yes,2246688,2958,803,6105611
"CRW_23S_B_F_16.ct",2896,862,Yes,2206646,"CRW_23S_B_S_50.ct",2953,884,Yes,2020100,2953,770,6138975
"CRW_23S_B_F_16.ct",2896,862,Yes,2206646,"CRW_23S_B_S_8.ct",2926,879,Yes,2212754,2926,773,5939000
"CRW_23S_B_F_16.ct",2896,862,Yes,2206646,"CRW_23S_B_T_36.ct",2917,867,Yes,2148546,2917,648,6408611
"CRW_23S_B_F_16.ct",2896,862,Yes,2206646,"CRW_23S_B_T_37.ct",2905,866,Yes,2168692,2905,761,5911907
"CRW_23S_B_F_17.ct",2910,866,Yes,2201347,"CRW_23S_B_F_18.ct",2910,866,Yes,1979068,2910,0,7118538
"CRW_23S_B_F_17.ct",2910,866,Yes,2201347,"CRW_23S_B_F_19.ct",2910,866,Yes,2184625,2910,0,5613163
"CRW_23S_B_F_17.ct",2910,866,Yes,2201347,"CRW_23S_B_F_22.ct",2913,871,Yes,2271349,2913,788,5371689
"CRW_23S_B_F_17.ct",2910,866,Yes,2201347,"CRW_23S_B_F_23.ct",2901,858,Yes,1938251,2910,751,5389336
"CRW_23S_B_F_17.ct",2910,866,Yes,2201347,"CRW_23S_B_F_3.ct",2920,866,Yes,2222394,2920,670,5303163
"CRW_23S_B_F_17.ct",2910,866,Yes,2201347,"CRW_23S_B_F_30.ct",2901,868,Yes,2252088,2910,651,5396876
"CRW_23S_B_F_17.ct",2910,866,Yes,2201347,"CRW_23S_B_F_32.ct",2928,868,Yes,2218767,2928,762,5618348
"CRW_23S_B_F_17.ct",2910,866,Yes,2201347,"CRW_23S_B_F_33.ct",2932,872,Yes,2020406,2932,764,5395751
"CRW_23S_B_F_17.ct",2910,866,Yes,2201347,"CRW_23S_B_F_4.ct",2927,871,Yes,2248313,2927,728,6000242
"CRW_23S_B_F_17.ct",2910,866,Yes,2201347,"CRW_23S_B_F_45.ct",2923,874,Yes,2273163,2923,767,7340834
"CRW_23S_B_F_17.ct",2910,866,Yes,2201347,"CRW_23S_B_F_46.ct",2924,876,Yes,2035912,2924,774,5347706
"CRW_23S_B_F_17.ct",2910,866,Yes,2201347,"CRW_23S_B_P_1.ct",2903,871,Yes,1998706,2910,767,5482365
"CRW_23S_B_F_17.ct",2910,866,Yes,2201347,"CRW_23S_B_P_10.ct",2882,863,Yes,2191073,2910,801,8189289
"CRW_23S_B_F_17.ct",2910,866,Yes,2201347,"CRW_23S_B_P_11.ct",2882,862,Yes,2178534,2910,799,6020366
"CRW_23S_B_F_17.ct",2910,866,Yes,2201347,"CRW_23S_B_P_12.ct",2907,872,Yes,2220182,2910,780,6100355
"CRW_23S_B_F_17.ct",2910,866,Yes,2201347,"CRW_23S_B_P_2.ct",2895,868,Yes,2243715,2910,770,5980281
"CRW_23S_B_F_17.ct",2910,866,Yes,2201347,"CRW_23S_B_P_24.ct",2904,869,Yes,2206727,2910,688,6013645
"CRW_23S_B_F_17.ct",2910,866,Yes,2201347,"CRW_23S_B_P_27.ct",2897,866,Yes,1983893,2910,693,5926741
"CRW_23S_B_F_17.ct",2910,866,Yes,2201347,"CRW_23S_B_P_28.ct",2968,822,No,1777364,2968,1672,7547602
"CRW_23S_B_F_17.ct",2910,866,Yes,2201347,"CRW_23S_B_P_29.ct",2903,868,Yes,2339815,2910,755,5917990
"CRW_23S_B_F_17.ct",2910,866,Yes,2201347,"CRW_23S_B_P_38.ct",2890,865,Yes,2264600,2910,806,7021386
"CRW_23S_B_F_17.ct",2910,866,Yes,2201347,"CRW_23S_B_P_39.ct",2890,865,Yes,2192582,2910,806,6683443
"CRW_23S_B_F_17.ct",2910,866,Yes,2201347,"CRW_23S_B_P_40.ct",2893,857,Yes,2155179,2910,788,5306944
"CRW_23S_B_F_17.ct",2910,866,Yes,2201347,"CRW_23S_B_P_41.ct",2893,867,Yes,3629588,2910,539,5392455
"CRW_23S_B_F_17.ct",2910,866,Yes,2201347,"CRW_23S_B_P_43.ct",2759,815,Yes,1702635,2910,1665,6180774
"CRW_23S_B_F_17.ct",2910,866,Yes,2201347,"CRW_23S_B_P_44.ct",2867,856,Yes,1872507,2910,793,5306008
"CRW_23S_B_F_17.ct",2910,866,Yes,2201347,"CRW_23S_B_P_5.ct",2821,836,Yes,1785865,2910,1686,5207012
"CRW_23S_B_F_17.ct",2910,866,Yes,2201347,"CRW_23S_B_P_6.ct",2880,847,Yes,2050485,2910,774,5462429
"CRW_23S_B_F_17.ct",2910,866,Yes,2201347,"CRW_23S_B_P_7.ct",3009,843,Yes,1996481,3009,807,5194910
"CRW_23S_B_F_17.ct",2910,866,Yes,2201347,"CRW_23S_B_P_9.ct",2878,858,Yes,2116906,2910,809,5897403
"CRW_23S_B_F_17.ct",2910,866,Yes,2201347,"CRW_23S_B_S_31.ct",2958,883,Yes,2246688,2958,798,7288866
"CRW_23S_B_F_17.ct",2910,866,Yes,2201347,"CRW_23S_B_S_50.ct",2953,884,Yes,2020100,2953,782,5516373
"CRW_23S_B_F_17.ct",2910,866,Yes,2201347,"CRW_23S_B_S_8.ct",2926,879,Yes,2212754,2926,782,5986920
"CRW_23S_B_F_17.ct",2910,866,Yes,2201347,"CRW_23S_B_T_36.ct",2917,867,Yes,2148546,2917,586,5997184
"CRW_23S_B_F_17.ct",2910,866,Yes,2201347,"CRW_23S_B_T_37.ct",2905,866,Yes,2168692,2910,389,5468856
"CRW_23S_B_F_18.ct",2910,866,Yes,1979068,"CRW_23S_B_F_19.ct",2910,866,Yes,2184625,2910,0,5949548
"CRW_23S_B_F_18.ct",2910,866,Yes,1979068,"CRW_23S_B_F_22.ct",2913,871,Yes,2271349,2913,788,5470384
"CRW_23S_B_F_18.ct",2910,866,Yes,1979068,"CRW_23S_B_F_23.ct",2901,858,Yes,1938251,2910,751,5346189
"CRW_23S_B_F_18.ct",2910,866,Yes,1979068,"CRW_23S_B_F_3.ct",2920,866,Yes,2222394,2920,670,5731512
"CRW_23S_B_F_18.ct",2910,866,Yes,1979068,"CRW_23S_B_F_30.ct",2901,868,Yes,2252088,2910,651,5505645
"CRW_23S_B_F_18.ct",2910,866,Yes,1979068,"CRW_23S_B_F_32.ct",2928,868,Yes,2218767,2928,762,5501284
"CRW_23S_B_F_18.ct",2910,866,Yes,1979068,"CRW_23S_B_F_33.ct",2932,872,Yes,2020406,2932,764,5543231
"CRW_23S_B_F_18.ct",2910,866,Yes,1979068,"CRW_23S_B_F_4.ct",2927,871,Yes,2248313,2927,728,5821331
"CRW_23S_B_F_18.ct",2910,866,Yes,1979068,"CRW_23S_B_F_45.ct",2923,874,Yes,2273163,2923,767,5333933
"CRW_23S_B_F_18.ct",2910,866,Yes,1979068,"CRW_23S_B_F_46.ct",2924,876,Yes,2035912,2924,774,5460694
"CRW_23S_B_F_18.ct",2910,866,Yes,1979068,"CRW_23S_B_P_1.ct",2903,871,Yes,1998706,2910,767,5554654
"CRW_23S_B_F_18.ct",2910,866,Yes,1979068,"CRW_23S_B_P_10.ct",2882,863,Yes,2191073,2910,801,5513660
"CRW_23S_B_F_18.ct",2910,866,Yes,1979068,"CRW_23S_B_P_11.ct",2882,862,Yes,2178534,2910,799,5273997
"CRW_23S_B_F_18.ct",2910,866,Yes,1979068,"CRW_23S_B_P_12.ct",2907,872,Yes,2220182,2910,780,5982882
"CRW_23S_B_F_18.ct",2910,866,Yes,1979068,"CRW_23S_B_P_2.ct",2895,868,Yes,2243715,2910,770,5473204
"CRW_23S_B_F_18.ct",2910,866,Yes,1979068,"CRW_23S_B_P_24.ct",2904,869,Yes,2206727,2910,688,5383029
"CRW_23S_B_F_18.ct",2910,866,Yes,1979068,"CRW_23S_B_P_27.ct",2897,866,Yes,1983893,2910,693,5460340
"CRW_23S_B_F_18.ct",2910,866,Yes,1979068,"CRW_23S_B_P_28.ct",2968,822,No,1777364,2968,1672,5322144
"CRW_23S_B_F_18.ct",2910,866,Yes,1979068,"CRW_23S_B_P_29.ct",2903,868,Yes,2339815,2910,755,5409820
"CRW_23S_B_F_18.ct",2910,866,Yes,1979068,"CRW_23S_B_P_38.ct",2890,865,Yes,2264600,2910,806,5772602
"CRW_23S_B_F_18.ct",2910,866,Yes,1979068,"CRW_23S_B_P_39.ct",2890,865,Yes,2192582,2910,806,5381000
"CRW_23S_B_F_18.ct",2910,866,Yes,1979068,"CRW_23S_B_P_40.ct",2893,857,Yes,2155179,2910,788,5382846
"CRW_23S_B_F_18.ct",2910,866,Yes,1979068,"CRW_23S_B_P_41.ct",2893,867,Yes,3629588,2910,539,5391426
"CRW_23S_B_F_18.ct",2910,866,Yes,1979068,"CRW_23S_B_P_43.ct",2759,815,Yes,1702635,2910,1665,5307258
"CRW_23S_B_F_18.ct",2910,866,Yes,1979068,"CRW_23S_B_P_44.ct",2867,856,Yes,1872507,2910,793,5377390
"CRW_23S_B_F_18.ct",2910,866,Yes,1979068,"CRW_23S_B_P_5.ct",2821,836,Yes,1785865,2910,1686,5296644
"CRW_23S_B_F_18.ct",2910,866,Yes,1979068,"CRW_23S_B_P_6.ct",2880,847,Yes,2050485,2910,774,5243324
"CRW_23S_B_F_18.ct",2910,866,Yes,1979068,"CRW_23S_B_P_7.ct",3009,843,Yes,1996481,3009,807,5392919
"CRW_23S_B_F_18.ct",2910,866,Yes,1979068,"CRW_23S_B_P_9.ct",2878,858,Yes,2116906,2910,809,5342156
"CRW_23S_B_F_18.ct",2910,866,Yes,1979068,"CRW_23S_B_S_31.ct",2958,883,Yes,2246688,2958,798,5489687
"CRW_23S_B_F_18.ct",2910,866,Yes,1979068,"CRW_23S_B_S_50.ct",2953,884,Yes,2020100,2953,782,5325284
"CRW_23S_B_F_18.ct",2910,866,Yes,1979068,"CRW_23S_B_S_8.ct",2926,879,Yes,2212754,2926,782,5342084
"CRW_23S_B_F_18.ct",2910,866,Yes,1979068,"CRW_23S_B_T_36.ct",2917,867,Yes,2148546,2917,586,5263697
"CRW_23S_B_F_18.ct",2910,866,Yes,1979068,"CRW_23S_B_T_37.ct",2905,866,Yes,2168692,2910,389,5192224
"CRW_23S_B_F_19.ct",2910,866,Yes,2184625,"CRW_23S_B_F_22.ct",2913,871,Yes,2271349,2913,788,5244733
"CRW_23S_B_F_19.ct",2910,866,Yes,2184625,"CRW_23S_B_F_23.ct",2901,858,Yes,1938251,2910,751,5359573
"CRW_23S_B_F_19.ct",2910,866,Yes,2184625,"CRW_23S_B_F_3.ct",2920,866,Yes,2222394,2920,670,5213089
"CRW_23S_B_F_19.ct",2910,866,Yes,2184625,"CRW_23S_B_F_30.ct",2901,868,Yes,2252088,2910,651,5315811
"CRW_23S_B_F_19.ct",2910,866,Yes,2184625,"CRW_23S_B_F_32.ct",2928,868,Yes,2218767,2928,762,5419923
"CRW_23S_B_F_19.ct",2910,866,Yes,2184625,"CRW_23S_B_F_33.ct",2932,872,Yes,2020406,2932,764,6414418
"CRW_23S_B_F_19.ct",2910,866,Yes,2184625,"CRW_23S_B_F_4.ct",2927,871,Yes,2248313,2927,728,5417091
"CRW_23S_B_F_19.ct",2910,866,Yes,2184625,"CRW_23S_B_F_45.ct",2923,874,Yes,2273163,2923,767,5220544
"CRW_23S_B_F_19.ct",2910,866,Yes,2184625,"CRW_23S_B_F_46.ct",2924,876,Yes,2035912,2924,774,5444280
"CRW_23S_B_F_19.ct",2910,866,Yes,2184625,"CRW_23S_B_P_1.ct",2903,871,Yes,1998706,2910,767,6322884
"CRW_23S_B_F_19.ct",2910,866,Yes,2184625,"CRW_23S_B_P_10.ct",2882,863,Yes,2191073,2910,801,5187318
"CRW_23S_B_F_19.ct",2910,866,Yes,2184625,"CRW_23S_B_P_11.ct",2882,862,Yes,2178534,2910,799,5717238
"CRW_23S_B_F_19.ct",2910,866,Yes,2184625,"CRW_23S_B_P_12.ct",2907,872,Yes,2220182,2910,780,5286149
"CRW_23S_B_F_19.ct",2910,866,Yes,2184625,"CRW_23S_B_P_2.ct",2895,868,Yes,2243715,2910,770,5311050
"CRW_23S_B_F_19.ct",2910,866,Yes,2184625,"CRW_23S_B_P_24.ct",2904,869,Yes,2206727,2910,688,5472953
"CRW_23S_B_F_19.ct",2910,866,Yes,2184625,"CRW_23S_B_P_27.ct",2897,866,Yes,1983893,2910,693,5260017
"CRW_23S_B_F_19.ct",2910,866,Yes,2184625,"CRW_23S_B_P_28.ct",2968,822,No,1777364,2968,1672,5017932
"CRW_23S_B_F_19.ct",2910,866,Yes,2184625,"CRW_23S_B_P_29.ct",2903,868,Yes,2339815,2910,755,5273039
"CRW_23S_B_F_19.ct",2910,866,Yes,2184625,"CRW_23S_B_P_38.ct",2890,865,Yes,2264600,2910,806,5838942
"CRW_23S_B_F_19.ct",2910,866,Yes,2184625,"CRW_23S_B_P_39.ct",2890,865,Yes,2192582,2910,806,5299561
"CRW_23S_B_F_19.ct",2910,866,Yes,2184625,"CRW_23S_B_P_40.ct",2893,857,Yes,2155179,2910,788,5402858
"CRW_23S_B_F_19.ct",2910,866,Yes,2184625,"CRW_23S_B_P_41.ct",2893,867,Yes,3629588,2910,539,5290697
"CRW_23S_B_F_19.ct",2910,866,Yes,2184625,"CRW_23S_B_P_43.ct",2759,815,Yes,1702635,2910,1665,5054683
"CRW_23S_B_F_19.ct",2910,866,Yes,2184625,"CRW_23S_B_P_44.ct",2867,856,Yes,1872507,2910,793,5275306
"CRW_23S_B_F_19.ct",2910,866,Yes,2184625,"CRW_23S_B_P_5.ct",2821,836,Yes,1785865,2910,1686,5171652
"CRW_23S_B_F_19.ct",2910,866,Yes,2184625,"CRW_23S_B_P_6.ct",2880,847,Yes,2050485,2910,774,5255370
"CRW_23S_B_F_19.ct",2910,866,Yes,2184625,"CRW_23S_B_P_7.ct",3009,843,Yes,1996481,3009,807,5196564
"CRW_23S_B_F_19.ct",2910,866,Yes,2184625,"CRW_23S_B_P_9.ct",2878,858,Yes,2116906,2910,809,5304282
"CRW_23S_B_F_19.ct",2910,866,Yes,2184625,"CRW_23S_B_S_31.ct",2958,883,Yes,2246688,2958,798,5457219
"CRW_23S_B_F_19.ct",2910,866,Yes,2184625,"CRW_23S_B_S_50.ct",2953,884,Yes,2020100,2953,782,5422608
"CRW_23S_B_F_19.ct",2910,866,Yes,2184625,"CRW_23S_B_S_8.ct",2926,879,Yes,2212754,2926,782,5382408
"CRW_23S_B_F_19.ct",2910,866,Yes,2184625,"CRW_23S_B_T_36.ct",2917,867,Yes,2148546,2917,586,5325870
"CRW_23S_B_F_19.ct",2910,866,Yes,2184625,"CRW_23S_B_T_37.ct",2905,866,Yes,2168692,2910,389,5377842
"CRW_23S_B_F_22.ct",2913,871,Yes,2271349,"CRW_23S_B_F_23.ct",2901,858,Yes,1938251,2913,811,5244805
"CRW_23S_B_F_22.ct",2913,871,Yes,2271349,"CRW_23S_B_F_3.ct",2920,866,Yes,2222394,2920,801,5989364
"CRW_23S_B_F_22.ct",2913,871,Yes,2271349,"CRW_23S_B_F_30.ct",2901,868,Yes,2252088,2913,765,5365928
"CRW_23S_B_F_22.ct",2913,871,Yes,2271349,"CRW_23S_B_F_32.ct",2928,868,Yes,2218767,2928,553,5335149
"CRW_23S_B_F_22.ct",2913,871,Yes,2271349,"CRW_23S_B_F_33.ct",2932,872,Yes,2020406,2932,593,5531206
"CRW_23S_B_F_22.ct",2913,871,Yes,2271349,"CRW_23S_B_F_4.ct",2927,871,Yes,2248313,2927,567,5558035
"CRW_23S_B_F_22.ct",2913,871,Yes,2271349,"CRW_23S_B_F_45.ct",2923,874,Yes,2273163,2923,584,6149573
"CRW_23S_B_F_22.ct",2913,871,Yes,2271349,"CRW_23S_B_F_46.ct",2924,876,Yes,2035912,2924,583,5678544
"CRW_23S_B_F_22.ct",2913,871,Yes,2271349,"CRW_23S_B_P_1.ct",2903,871,Yes,1998706,2913,780,5713245
"CRW_23S_B_F_22.ct",2913,871,Yes,2271349,"CRW_23S_B_P_10.ct",2882,863,Yes,2191073,2913,806,5411487
"CRW_23S_B_F_22.ct",2913,871,Yes,2271349,"CRW_23S_B_P_11.ct",2882,862,Yes,2178534,2913,813,5483722
"CRW_23S_B_F_22.ct",2913,871,Yes,2271349,"CRW_23S_B_P_12.ct",2907,872,Yes,2220182,2913,805,5512047
"CRW_23S_B_F_22.ct",2913,871,Yes,2271349,"CRW_23S_B_P_2.ct",2895,868,Yes,2243715,2913,807,5464812
"CRW_23S_B_F_22.ct",2913,871,Yes,2271349,"CRW_23S_B_P_24.ct",2904,869,Yes,2206727,2913,807,6112972
"CRW_23S_B_F_22.ct",2913,871,Yes,2271349,"CRW_23S_B_P_27.ct",2897,866,Yes,1983893,2913,813,5357932
"CRW_23S_B_F_22.ct",2913,871,Yes,2271349,"CRW_23S_B_P_28.ct",2968,822,No,1777364,2968,1677,5164383
"CRW_23S_B_F_22.ct",2913,871,Yes,2271349,"CRW_23S_B_P_29.ct",2903,868,Yes,2339815,2913,820,5352719
"CRW_23S_B_F_22.ct",2913,871,Yes,2271349,"CRW_23S_B_P_38.ct",2890,865,Yes,2264600,2913,791,5384540
"CRW_23S_B_F_22.ct",2913,871,Yes,2271349,"CRW_23S_B_P_39.ct",2890,865,Yes,2192582,2913,791,5415776
"CRW_23S_B_F_22.ct",2913,871,Yes,2271349,"CRW_23S_B_P_40.ct",2893,857,Yes,2155179,2913,785,5196091
"CRW_23S_B_F_22.ct",2913,871,Yes,2271349,"CRW_23S_B_P_41.ct",2893,867,Yes,3629588,2913,809,5312442
"CRW_23S_B_F_22.ct",2913,871,Yes,2271349,"CRW_23S_B_P_43.ct",2759,815,Yes,1702635,2913,1670,5096414
"CRW_23S_B_F_22.ct",2913,871,Yes,2271349,"CRW_23S_B_P_44.ct",2867,856,Yes,1872507,2913,790,5515681
"CRW_23S_B_F_22.ct",2913,871,Yes,2271349,"CRW_23S_B_P_5.ct",2821,836,Yes,1785865,2913,1691,5183676
"CRW_23S_B_F_22.ct",2913,871,Yes,2271349,"CRW_23S_B_P_6.ct",2880,847,Yes,2050485,2913,814,5988936
"CRW_23S_B_F_22.ct",2913,871,Yes,2271349,"CRW_23S_B_P_7.ct",3009,843,Yes,1996481,3009,808,5354388
"CRW_23S_B_F_22.ct",2913,871,Yes,2271349,"CRW_23S_B_P_9.ct",2878,858,Yes,2116906,2913,805,5269843
"CRW_23S_B_F_22.ct",2913,871,Yes,2271349,"CRW_23S_B_S_31.ct",2958,883,Yes,2246688,2958,811,6896087
"CRW_23S_B_F_22.ct",2913,871,Yes,2271349,"CRW_23S_B_S_50.ct",2953,884,Yes,2020100,2953,806,5541903
"CRW_23S_B_F_22.ct",2913,871,Yes,2271349,"CRW_23S_B_S_8.ct",2926,879,Yes,2212754,2926,792,5338894
"CRW_23S_B_F_22.ct",2913,871,Yes,2271349,"CRW_23S_B_T_36.ct",2917,867,Yes,2148546,2917,766,6721848
"CRW_23S_B_F_22.ct",2913,871,Yes,2271349,"CRW_23S_B_T_37.ct",2905,866,Yes,2168692,2913,756,5756568
"CRW_23S_B_F_23.ct",2901,858,Yes,1938251,"CRW_23S_B_F_3.ct",2920,866,Yes,2222394,2920,811,5307570
"CRW_23S_B_F_23.ct",2901,858,Yes,1938251,"CRW_23S_B_F_30.ct",2901,868,Yes,2252088,2901,757,5298797
"CRW_23S_B_F_23.ct",2901,858,Yes,1938251,"CRW_23S_B_F_32.ct",2928,868,Yes,2218767,2928,760,5186353
"CRW_23S_B_F_23.ct",2901,858,Yes,1938251,"CRW_23S_B_F_33.ct",2932,872,Yes,2020406,2932,765,5335852
"CRW_23S_B_F_23.ct",2901,858,Yes,1938251,"CRW_23S_B_F_4.ct",2927,871,Yes,2248313,2927,735,5424854
"CRW_23S_B_F_23.ct",2901,858,Yes,1938251,"CRW_23S_B_F_45.ct",2923,874,Yes,2273163,2923,771,5914814
"CRW_23S_B_F_23.ct",2901,858,Yes,1938251,"CRW_23S_B_F_46.ct",2924,876,Yes,2035912,2924,770,5345972
"CRW_23S_B_F_23.ct",2901,858,Yes,1938251,"CRW_23S_B_P_1.ct",2903,871,Yes,1998706,2903,760,5259933
"CRW_23S_B_F_23.ct",2901,858,Yes,1938251,"CRW_23S_B_P_10.ct",2882,863,Yes,2191073,2901,783,5147306
"CRW_23S_B_F_23.ct",2901,858,Yes,1938251,"CRW_23S_B_P_11.ct",2882,862,Yes,2178534,2901,788,5225958
"CRW_23S_B_F_23.ct",2901,858,Yes,1938251,"CRW_23S_B_P_12.ct",2907,872,Yes,2220182,2907,651,5397281
"CRW_23S_B_F_23.ct",2901,858,Yes,1938251,"CRW_23S_B_P_2.ct",2895,868,Yes,2243715,2901,773,5266348
"CRW_23S_B_F_23.ct",2901,858,Yes,1938251,"CRW_23S_B_P_24.ct",2904,869,Yes,2206727,2904,740,6900473
"CRW_23S_B_F_23.ct",2901,858,Yes,1938251,"CRW_23S_B_P_27.ct",2897,866,Yes,1983893,2901,727,5510655
"CRW_23S_B_F_23.ct",2901,858,Yes,1938251,"CRW_23S_B_P_28.ct",2968,822,No,1777364,2968,1664,4998284
"CRW_23S_B_F_23.ct",2901,858,Yes,1938251,"CRW_23S_B_P_29.ct",2903,868,Yes,2339815,2903,748,5224986
"CRW_23S_B_F_23.ct",2901,858,Yes,1938251,"CRW_23S_B_P_38.ct",2890,865,Yes,2264600,2901,796,5282087
"CRW_23S_B_F_23.ct",2901,858,Yes,1938251,"CRW_23S_B_P_39.ct",2890,865,Yes,2192582,2901,796,5355765
"CRW_23S_B_F_23.ct",2901,858,Yes,1938251,"CRW_23S_B_P_40.ct",2893,857,Yes,2155179,2901,604,5607454
"CRW_23S_B_F_23.ct",2901,858,Yes,1938251,"CRW_23S_B_P_41.ct",2893,867,Yes,3629588,2901,759,5636420
"CRW_23S_B_F_23.ct",2901,858,Yes,1938251,"CRW_23S_B_P_43.ct",2759,815,Yes,1702635,2901,1657,5124994
"CRW_23S_B_F_23.ct",2901,858,Yes,1938251,"CRW_23S_B_P_44.ct",2867,856,Yes,1872507,2901,802,5494841
"CRW_23S_B_F_23.ct",2901,858,Yes,1938251,"CRW_23S_B_P_5.ct",2821,836,Yes,1785865,2901,791,7054764
"CRW_23S_B_F_23.ct",2901,858,Yes,1938251,"CRW_23S_B_P_6.ct",2880,847,Yes,2050485,2901,783,5240658
"CRW_23S_B_F_23.ct",2901,858,Yes,1938251,"CRW_23S_B_P_7.ct",3009,843,Yes,1996481,3009,798,5566872
"CRW_23S_B_F_23.ct",2901,858,Yes,1938251,"CRW_23S_B_P_9.ct",2878,858,Yes,2116906,2901,720,5324654
"CRW_23S_B_F_23.ct",2901,858,Yes,1938251,"CRW_23S_B_S_31.ct",2958,883,Yes,2246688,2958,815,5572642
"CRW_23S_B_F_23.ct",2901,858,Yes,1938251,"CRW_23S_B_S_50.ct",2953,884,Yes,2020100,2953,766,5635839
"CRW_23S_B_F_23.ct",2901,858,Yes,1938251,"CRW_23S_B_S_8.ct",2926,879,Yes,2212754,2926,773,5412186
"CRW_23S_B_F_23.ct",2901,858,Yes,1938251,"CRW_23S_B_T_36.ct",2917,867,Yes,2148546,2917,790,5335868
"CRW_23S_B_F_23.ct",2901,858,Yes,1938251,"CRW_23S_B_T_37.ct",2905,866,Yes,2168692,2905,791,5303491
"CRW_23S_B_F_3.ct",2920,866,Yes,2222394,"CRW_23S_B_F_30.ct",2901,868,Yes,2252088,2920,718,5551889
"CRW_23S_B_F_3.ct",2920,866,Yes,2222394,"CRW_23S_B_F_32.ct",2928,868,Yes,2218767,2928,824,5604281
"CRW_23S_B_F_3.ct",2920,866,Yes,2222394,"CRW_23S_B_F_33.ct",2932,872,Yes,2020406,2932,824,5557574
"CRW_23S_B_F_3.ct",2920,866,Yes,2222394,"CRW_23S_B_F_4.ct",2927,871,Yes,2248313,2927,753,5501633
"CRW_23S_B_F_3.ct",2920,866,Yes,2222394,"CRW_23S_B_F_45.ct",2923,874,Yes,2273163,2923,779,5545416
"CRW_23S_B_F_3.ct",2920,866,Yes,2222394,"CRW_23S_B_F_46.ct",2924,876,Yes,2035912,2924,787,5584770
"CRW_23S_B_F_3.ct",2920,866,Yes,2222394,"CRW_23S_B_P_1.ct",2903,871,Yes,1998706,2920,816,6235552
"CRW_23S_B_F_3.ct",2920,866,Yes,2222394,"CRW_23S_B_P_10.ct",2882,863,Yes,2191073,2920,810,5495873
"CRW_23S_B_F_3.ct",2920,866,Yes,2222394,"CRW_23S_B_P_11.ct",2882,862,Yes,2178534,2920,811,5398734
"CRW_23S_B_F_3.ct",2920,866,Yes,2222394,"CRW_23S_B_P_12.ct",2907,872,Yes,2220182,2920,827,5438005
"CRW_23S_B_F_3.ct",2920,866,Yes,2222394,"CRW_23S_B_P_2.ct",2895,868,Yes,2243715,2920,753,5377972
"CRW_23S_B_F_3.ct",2920,866,Yes,2222394,"CRW_23S_B_P_24.ct",2904,869,Yes,2206727,2920,585,5407254
"CRW_23S_B_F_3.ct",2920,866,Yes,2222394,"CRW_23S_B_P_27.ct",2897,866,Yes,1983893,2920,578,5296830
"CRW_23S_B_F_3.ct",2920,866,Yes,2222394,"CRW_23S_B_P_28.ct",2968,822,No,1777364,2968,1672,5234937
"CRW_23S_B_F_3.ct",2920,866,Yes,2222394,"CRW_23S_B_P_29.ct",2903,868,Yes,2339815,2920,586,5367257
"CRW_23S_B_F_3.ct",2920,866,Yes,2222394,"CRW_23S_B_P_38.ct",2890,865,Yes,2264600,2920,800,5334492
"CRW_23S_B_F_3.ct",2920,866,Yes,2222394,"CRW_23S_B_P_39.ct",2890,865,Yes,2192582,2920,800,5462606
"CRW_23S_B_F_3.ct",2920,866,Yes,2222394,"CRW_23S_B_P_40.ct",2893,857,Yes,2155179,2920,821,5415340
"CRW_23S_B_F_3.ct",2920,866,Yes,2222394,"CRW_23S_B_P_41.ct",2893,867,Yes,3629588,2920,825,5613070
"CRW_23S_B_F_3.ct",2920,866,Yes,2222394,"CRW_23S_B_P_43.ct",2759,815,Yes,1702635,2920,1665,5207443
"CRW_23S_B_F_3.ct",2920,866,Yes,2222394,"CRW_23S_B_P_44.ct",2867,856,Yes,1872507,2920,820,5490266
"CRW_23S_B_F_3.ct",2920,866,Yes,2222394,"CRW_23S_B_P_5.ct",2821,836,Yes,1785865,2920,1686,5279209
"CRW_23S_B_F_3.ct",2920,866,Yes,2222394,"CRW_23S_B_P_6.ct",2880,847,Yes,2050485,2920,803,5351761
"CRW_23S_B_F_3.ct",2920,866,Yes,2222394,"CRW_23S_B_P_7.ct",3009,843,Yes,1996481,3009,819,5310042
"CRW_23S_B_F_3.ct",2920,866,Yes,2222394,"CRW_23S_B_P_9.ct",2878,858,Yes,2116906,2920,829,5454561
"CRW_23S_B_F_3.ct",2920,866,Yes,2222394,"CRW_23S_B_S_31.ct",2958,883,Yes,2246688,2958,807,5501243
"CRW_23S_B_F_3.ct",2920,866,Yes,2222394,"CRW_23S_B_S_50.ct",2953,884,Yes,2020100,2953,836,5432939
"CRW_23S_B_F_3.ct",2920,866,Yes,2222394,"CRW_23S_B_S_8.ct",2926,879,Yes,2212754,2926,844,5478997
"CRW_23S_B_F_3.ct",2920,866,Yes,2222394,"CRW_23S_B_T_36.ct",2917,867,Yes,2148546,2920,611,5380275
"CRW_23S_B_F_3.ct",2920,866,Yes,2222394,"CRW_23S_B_T_37.ct",2905,866,Yes,2168692,2920,427,10953081
"CRW_23S_B_F_30.ct",2901,868,Yes,2252088,"CRW_23S_B_F_32.ct",2928,868,Yes,2218767,2928,704,6078421
"CRW_23S_B_F_30.ct",2901,868,Yes,2252088,"CRW_23S_B_F_33.ct",2932,872,Yes,2020406,2932,732,5310415
"CRW_23S_B_F_30.ct",2901,868,Yes,2252088,"CRW_23S_B_F_4.ct",2927,871,Yes,2248313,2927,657,5474334
"CRW_23S_B_F_30.ct",2901,868,Yes,2252088,"CRW_23S_B_F_45.ct",2923,874,Yes,2273163,2923,726,6008769
"CRW_23S_B_F_30.ct",2901,868,Yes,2252088,"CRW_23S_B_F_46.ct",2924,876,Yes,2035912,2924,732,5659240
"CRW_23S_B_F_30.ct",2901,868,Yes,2252088,"CRW_23S_B_P_1.ct",2903,871,Yes,1998706,2903,770,6571461
"CRW_23S_B_F_30.ct",2901,868,Yes,2252088,"CRW_23S_B_P_10.ct",2882,863,Yes,2191073,2901,770,6750101
"CRW_23S_B_F_30.ct",2901,868,Yes,2252088,"CRW_23S_B_P_11.ct",2882,862,Yes,2178534,2901,798,5502962
"CRW_23S_B_F_30.ct",2901,868,Yes,2252088,"CRW_23S_B_P_12.ct",2907,872,Yes,2220182,2907,801,5322299
"CRW_23S_B_F_30.ct",2901,868,Yes,2252088,"CRW_23S_B_P_2.ct",2895,868,Yes,2243715,2901,731,6914468
"CRW_23S_B_F_30.ct",2901,868,Yes,2252088,"CRW_23S_B_P_24.ct",2904,869,Yes,2206727,2904,773,7378502
"CRW_23S_B_F_30.ct",2901,868,Yes,2252088,"CRW_23S_B_P_27.ct",2897,866,Yes,1983893,2901,771,5357061
"CRW_23S_B_F_30.ct",2901,868,Yes,2252088,"CRW_23S_B_P_28.ct",2968,822,No,1777364,2968,1674,5171286
"CRW_23S_B_F_30.ct",2901,868,Yes,2252088,"CRW_23S_B_P_29.ct",2903,868,Yes,2339815,2903,775,5266839
"CRW_23S_B_F_30.ct",2901,868,Yes,2252088,"CRW_23S_B_P_38.ct",2890,865,Yes,2264600,2901,802,5478714
"CRW_23S_B_F_30.ct",2901,868,Yes,2252088,"CRW_23S_B_P_39.ct",2890,865,Yes,2192582,2901,802,5320303
"CRW_23S_B_F_30.ct",2901,868,Yes,2252088,"CRW_23S_B_P_40.ct",2893,857,Yes,2155179,2901,797,8702410
"CRW_23S_B_F_30.ct",2901,868,Yes,2252088,"CRW_23S_B_P_41.ct",2893,867,Yes,3629588,2901,776,7052219
"CRW_23S_B_F_30.ct",2901,868,Yes,2252088,"CRW_23S_B_P_43.ct",2759,815,Yes,1702635,2901,1667,6178946
"CRW_23S_B_F_30.ct",2901,868,Yes,2252088,"CRW_23S_B_P_44.ct",2867,856,Yes,1872507,2901,789,6155024
"CRW_23S_B_F_30.ct",2901,868,Yes,2252088,"CRW_23S_B_P_5.ct",2821,836,Yes,1785865,2901,1688,5114216
"CRW_23S_B_F_30.ct",2901,868,Yes,2252088,"CRW_23S_B_P_6.ct",2880,847,Yes,2050485,2901,804,6093438
"CRW_23S_B_F_30.ct",2901,868,Yes,2252088,"CRW_23S_B_P_7.ct",3009,843,Yes,1996481,3009,802,5084946
"CRW_23S_B_F_30.ct",2901,868,Yes,2252088,"CRW_23S_B_P_9.ct",2878,858,Yes,2116906,2901,799,5315024
"CRW_23S_B_F_30.ct",2901,868,Yes,2252088,"CRW_23S_B_S_31.ct",2958,883,Yes,2246688,2958,823,5824266
"CRW_23S_B_F_30.ct",2901,868,Yes,2252088,"CRW_23S_B_S_50.ct",2953,884,Yes,2020100,2953,786,6130710
"CRW_23S_B_F_30.ct",2901,868,Yes,2252088,"CRW_23S_B_S_8.ct",2926,879,Yes,2212754,2926,791,5412449
"CRW_23S_B_F_30.ct",2901,868,Yes,2252088,"CRW_23S_B_T_36.ct",2917,867,Yes,2148546,2917,793,5315057
"CRW_23S_B_F_30.ct",2901,868,Yes,2252088,"CRW_23S_B_T_37.ct",2905,866,Yes,2168692,2905,796,5344945
"CRW_23S_B_F_32.ct",2928,868,Yes,2218767,"CRW_23S_B_F_33.ct",2932,872,Yes,2020406,2932,437,5531398
"CRW_23S_B_F_32.ct",2928,868,Yes,2218767,"CRW_23S_B_F_4.ct",2927,871,Yes,2248313,2928,775,5577708
"CRW_23S_B_F_32.ct",2928,868,Yes,2218767,"CRW_23S_B_F_45.ct",2923,874,Yes,2273163,2928,439,5363639
"CRW_23S_B_F_32.ct",2928,868,Yes,2218767,"CRW_23S_B_F_46.ct",2924,876,Yes,2035912,2928,442,5291333
"CRW_23S_B_F_32.ct",2928,868,Yes,2218767,"CRW_23S_B_P_1.ct",2903,871,Yes,1998706,2928,706,5287389
"CRW_23S_B_F_32.ct",2928,868,Yes,2218767,"CRW_23S_B_P_10.ct",2882,863,Yes,2191073,2928,794,5202153
"CRW_23S_B_F_32.ct",2928,868,Yes,2218767,"CRW_23S_B_P_11.ct",2882,862,Yes,2178534,2928,805,5186724
"CRW_23S_B_F_32.ct",2928,868,Yes,2218767,"CRW_23S_B_P_12.ct",2907,872,Yes,2220182,2928,794,5278570
"CRW_23S_B_F_32.ct",2928,868,Yes,2218767,"CRW_23S_B_P_2.ct",2895,868,Yes,2243715,2928,624,5232383
"CRW_23S_B_F_32.ct",2928,868,Yes,2218767,"CRW_23S_B_P_24.ct",2904,869,Yes,2206727,2928,776,5223559
"CRW_23S_B_F_32.ct",2928,868,Yes,2218767,"CRW_23S_B_P_27.ct",2897,866,Yes,1983893,2928,781,5413920
"CRW_23S_B_F_32.ct",2928,868,Yes,2218767,"CRW_23S_B_P_28.ct",2968,822,No,1777364,2968,1674,5390168
"CRW_23S_B_F_32.ct",2928,868,Yes,2218767,"CRW_23S_B_P_29.ct",2903,868,Yes,2339815,2928,780,5295555
"CRW_23S_B_F_32.ct",2928,868,Yes,2218767,"CRW_23S_B_P_38.ct",2890,865,Yes,2264600,2928,800,5301675
"CRW_23S_B_F_32.ct",2928,868,Yes,2218767,"CRW_23S_B_P_39.ct",2890,865,Yes,2192582,2928,800,5230169
"CRW_23S_B_F_32.ct",2928,868,Yes,2218767,"CRW_23S_B_P_40.ct",2893,857,Yes,2155179,2928,761,5134313
"CRW_23S_B_F_32.ct",2928,868,Yes,2218767,"CRW_23S_B_P_41.ct",2893,867,Yes,3629588,2928,774,5252233
"CRW_23S_B_F_32.ct",2928,868,Yes,2218767,"CRW_23S_B_P_43.ct",2759,815,Yes,1702635,2928,1667,4971936
"CRW_23S_B_F_32.ct",2928,868,Yes,2218767,"CRW_23S_B_P_44.ct",2867,856,Yes,1872507,2928,808,5159161
"CRW_23S_B_F_32.ct",2928,868,Yes,2218767,"CRW_23S_B_P_5.ct",2821,836,Yes,1785865,2928,1688,5297378
"CRW_23S_B_F_32.ct",2928,868,Yes,2218767,"CRW_23S_B_P_6.ct",2880,847,Yes,2050485,2928,808,5224329
"CRW_23S_B_F_32.ct",2928,868,Yes,2218767,"CRW_23S_B_P_7.ct",3009,843,Yes,1996481,3009,814,5124986
"CRW_23S_B_F_32.ct",2928,868,Yes,2218767,"CRW_23S_B_P_9.ct",2878,858,Yes,2116906,2928,802,5345103
"CRW_23S_B_F_32.ct",2928,868,Yes,2218767,"CRW_23S_B_S_31.ct",2958,883,Yes,2246688,2958,803,5325163
"CRW_23S_B_F_32.ct",2928,868,Yes,2218767,"CRW_23S_B_S_50.ct",2953,884,Yes,2020100,2953,773,6197316
"CRW_23S_B_F_32.ct",2928,868,Yes,2218767,"CRW_23S_B_S_8.ct",2926,879,Yes,2212754,2928,773,5334842
"CRW_23S_B_F_32.ct",2928,868,Yes,2218767,"CRW_23S_B_T_36.ct",2917,867,Yes,2148546,2928,804,7068931
"CRW_23S_B_F_32.ct",2928,868,Yes,2218767,"CRW_23S_B_T_37.ct",2905,866,Yes,2168692,2928,806,5302858
"CRW_23S_B_F_33.ct",2932,872,Yes,2020406,"CRW_23S_B_F_4.ct",2927,871,Yes,2248313,2932,772,5260906
"CRW_23S_B_F_33.ct",2932,872,Yes,2020406,"CRW_23S_B_F_45.ct",2923,874,Yes,2273163,2932,472,8776318
"CRW_23S_B_F_33.ct",2932,872,Yes,2020406,"CRW_23S_B_F_46.ct",2924,876,Yes,2035912,2932,508,5605488
"CRW_23S_B_F_33.ct",2932,872,Yes,2020406,"CRW_23S_B_P_1.ct",2903,871,Yes,1998706,2932,782,7974236
"CRW_23S_B_F_33.ct",2932,872,Yes,2020406,"CRW_23S_B_P_10.ct",2882,863,Yes,2191073,2932,804,5940504
"CRW_23S_B_F_33.ct",2932,872,Yes,2020406,"CRW_23S_B_P_11.ct",2882,862,Yes,2178534,2932,813,5966109
"CRW_23S_B_F_33.ct",2932,872,Yes,2020406,"CRW_23S_B_P_12.ct",2907,872,Yes,2220182,2932,777,6112273
"CRW_23S_B_F_33.ct",2932,872,Yes,2020406,"CRW_23S_B_P_2.ct",2895,868,Yes,2243715,2932,775,6150501
"CRW_23S_B_F_33.ct",2932,872,Yes,2020406,"CRW_23S_B_P_24.ct",2904,869,Yes,2206727,2932,768,6010493
"CRW_23S_B_F_33.ct",2932,872,Yes,2020406,"CRW_23S_B_P_27.ct",2897,866,Yes,1983893,2932,773,5575935
"CRW_23S_B_F_33.ct",2932,872,Yes,2020406,"CRW_23S_B_P_28.ct",2968,822,No,1777364,2968,1678,6705204
"CRW_23S_B_F_33.ct",2932,872,Yes,2020406,"CRW_23S_B_P_29.ct",2903,868,Yes,2339815,2932,778,6275720
"CRW_23S_B_F_33.ct",2932,872,Yes,2020406,"CRW_23S_B_P_38.ct",2890,865,Yes,2264600,2932,807,5257696
"CRW_23S_B_F_33.ct",2932,872,Yes,2020406,"CRW_23S_B_P_39.ct",2890,865,Yes,2192582,2932,807,5329090
"CRW_23S_B_F_33.ct",2932,872,Yes,2020406,"CRW_23S_B_P_40.ct",2893,857,Yes,2155179,2932,790,5394225
"CRW_23S_B_F_33.ct",2932,872,Yes,2020406,"CRW_23S_B_P_41.ct",2893,867,Yes,3629588,2932,767,5308072
"CRW_23S_B_F_33.ct",2932,872,Yes,2020406,"CRW_23S_B_P_43.ct",2759,815,Yes,1702635,2932,1671,5118280
"CRW_23S_B_F_33.ct",2932,872,Yes,2020406,"CRW_23S_B_P_44.ct",2867,856,Yes,1872507,2932,808,5323116
"CRW_23S_B_F_33.ct",2932,872,Yes,2020406,"CRW_23S_B_P_5.ct",2821,836,Yes,1785865,2932,1692,5145791
"CRW_23S_B_F_33.ct",2932,872,Yes,2020406,"CRW_23S_B_P_6.ct",2880,847,Yes,2050485,2932,800,5356209
"CRW_23S_B_F_33.ct",2932,872,Yes,2020406,"CRW_23S_B_P_7.ct",3009,843,Yes,1996481,3009,822,5213160
"CRW_23S_B_F_33.ct",2932,872,Yes,2020406,"CRW_23S_B_P_9.ct",2878,858,Yes,2116906,2932,808,5288044
"CRW_23S_B_F_33.ct",2932,872,Yes,2020406,"CRW_23S_B_S_31.ct",2958,883,Yes,2246688,2958,816,5551097
"CRW_23S_B_F_33.ct",2932,872,Yes,2020406,"CRW_23S_B_S_50.ct",2953,884,Yes,2020100,2953,768,5387897
"CRW_23S_B_F_33.ct",2932,872,Yes,2020406,"CRW_23S_B_S_8.ct",2926,879,Yes,2212754,2932,775,5360971
"CRW_23S_B_F_33.ct",2932,872,Yes,2020406,"CRW_23S_B_T_36.ct",2917,867,Yes,2148546,2932,803,9225081
"CRW_23S_B_F_33.ct",2932,872,Yes,2020406,"CRW_23S_B_T_37.ct",2905,866,Yes,2168692,2932,804,5602728
"CRW_23S_B_F_4.ct",2927,871,Yes,2248313,"CRW_23S_B_F_45.ct",2923,874,Yes,2273163,2927,777,5418026
"CRW_23S_B_F_4.ct",2927,871,Yes,2248313,"CRW_23S_B_F_46.ct",2924,876,Yes,2035912,2927,776,5357577
"CRW_23S_B_F_4.ct",2927,871,Yes,2248313,"CRW_23S_B_P_1.ct",2903,871,Yes,1998706,2927,663,5623300
"CRW_23S_B_F_4.ct",2927,871,Yes,2248313,"CRW_23S_B_P_10.ct",2882,863,Yes,2191073,2927,801,5278060
"CRW_23S_B_F_4.ct",2927,871,Yes,2248313,"CRW_23S_B_P_11.ct",2882,862,Yes,2178534,2927,799,5346594
"CRW_23S_B_F_4.ct",2927,871,Yes,2248313,"CRW_23S_B_P_12.ct",2907,872,Yes,2220182,2927,749,5898089
"CRW_23S_B_F_4.ct",2927,871,Yes,2248313,"CRW_23S_B_P_2.ct",2895,868,Yes,2243715,2927,789,5679214
"CRW_23S_B_F_4.ct",2927,871,Yes,2248313,"CRW_23S_B_P_24.ct",2904,869,Yes,2206727,2927,787,5383342
"CRW_23S_B_F_4.ct",2927,871,Yes,2248313,"CRW_23S_B_P_27.ct",2897,866,Yes,1983893,2927,777,5348034
"CRW_23S_B_F_4.ct",2927,871,Yes,2248313,"CRW_23S_B_P_28.ct",2968,822,No,1777364,2968,1677,5165868
"CRW_23S_B_F_4.ct",2927,871,Yes,2248313,"CRW_23S_B_P_29.ct",2903,868,Yes,2339815,2927,764,5468179
"CRW_23S_B_F_4.ct",2927,871,Yes,2248313,"CRW_23S_B_P_38.ct",2890,865,Yes,2264600,2927,800,5320796
"CRW_23S_B_F_4.ct",2927,871,Yes,2248313,"CRW_23S_B_P_39.ct",2890,865,Yes,2192582,2927,800,5320465
"CRW_23S_B_F_4.ct",2927,871,Yes,2248313,"CRW_23S_B_P_40.ct",2893,857,Yes,2155179,2927,779,5286535
"CRW_23S_B_F_4.ct",2927,871,Yes,2248313,"CRW_23S_B_P_41.ct",2893,867,Yes,3629588,2927,777,5288167
"CRW_23S_B_F_4.ct",2927,871,Yes,2248313,"CRW_23S_B_P_43.ct",2759,815,Yes,1702635,2927,1670,5469932
"CRW_23S_B_F_4.ct",2927,871,Yes,2248313,"CRW_23S_B_P_44.ct",2867,856,Yes,1872507,2927,813,8474262
"CRW_23S_B_F_4.ct",2927,871,Yes,2248313,"CRW_23S_B_P_5.ct",2821,836,Yes,1785865,2927,1691,5206981
"CRW_23S_B_F_4.ct",2927,871,Yes,2248313,"CRW_23S_B_P_6.ct",2880,847,Yes,2050485,2927,810,5187678
"CRW_23S_B_F_4.ct",2927,871,Yes,2248313,"CRW_23S_B_P_7.ct",3009,843,Yes,1996481,3009,805,6623541
"CRW_23S_B_F_4.ct",2927,871,Yes,2248313,"CRW_23S_B_P_9.ct",2878,858,Yes,2116906,2927,808,5341930
"CRW_23S_B_F_4.ct",2927,871,Yes,2248313,"CRW_23S_B_S_31.ct",2958,883,Yes,2246688,2958,812,5559173
"CRW_23S_B_F_4.ct",2927,871,Yes,2248313,"CRW_23S_B_S_50.ct",2953,884,Yes,2020100,2953,779,6834474
"CRW_23S_B_F_4.ct",2927,871,Yes,2248313,"CRW_23S_B_S_8.ct",2926,879,Yes,2212754,2927,796,5432239
"CRW_23S_B_F_4.ct",2927,871,Yes,2248313,"CRW_23S_B_T_36.ct",2917,867,Yes,2148546,2927,794,5328303
"CRW_23S_B_F_4.ct",2927,871,Yes,2248313,"CRW_23S_B_T_37.ct",2905,866,Yes,2168692,2927,668,5353455
"CRW_23S_B_F_45.ct",2923,874,Yes,2273163,"CRW_23S_B_F_46.ct",2924,876,Yes,2035912,2924,384,5353789
"CRW_23S_B_F_45.ct",2923,874,Yes,2273163,"CRW_23S_B_P_1.ct",2903,871,Yes,1998706,2923,778,5715175
"CRW_23S_B_F_45.ct",2923,874,Yes,2273163,"CRW_23S_B_P_10.ct",2882,863,Yes,2191073,2923,806,6353938
"CRW_23S_B_F_45.ct",2923,874,Yes,2273163,"CRW_23S_B_P_11.ct",2882,862,Yes,2178534,2923,808,9140112
"CRW_23S_B_F_45.ct",2923,874,Yes,2273163,"CRW_23S_B_P_12.ct",2907,872,Yes,2220182,2923,742,5445187
"CRW_23S_B_F_45.ct",2923,874,Yes,2273163,"CRW_23S_B_P_2.ct",2895,868,Yes,2243715,2923,762,5470394
"CRW_23S_B_F_45.ct",2923,874,Yes,2273163,"CRW_23S_B_P_24.ct",2904,869,Yes,2206727,2923,771,5264960
"CRW_23S_B_F_45.ct",2923,874,Yes,2273163,"CRW_23S_B_P_27.ct",2897,866,Yes,1983893,2923,777,5250039
"CRW_23S_B_F_45.ct",2923,874,Yes,2273163,"CRW_23S_B_P_28.ct",2968,822,No,1777364,2968,1680,5061888
"CRW_23S_B_F_45.ct",2923,874,Yes,2273163,"CRW_23S_B_P_29.ct",2903,868,Yes,2339815,2923,781,5267968
"CRW_23S_B_F_45.ct",2923,874,Yes,2273163,"CRW_23S_B_P_38.ct",2890,865,Yes,2264600,2923,808,5228282
"CRW_23S_B_F_45.ct",2923,874,Yes,2273163,"CRW_23S_B_P_39.ct",2890,865,Yes,2192582,2923,808,7205460
"CRW_23S_B_F_45.ct",2923,874,Yes,2273163,"CRW_23S_B_P_40.ct",2893,857,Yes,2155179,2923,791,12364253
"CRW_23S_B_F_45.ct",2923,874,Yes,2273163,"CRW_23S_B_P_41.ct",2893,867,Yes,3629588,2923,788,5600535
"CRW_23S_B_F_45.ct",2923,874,Yes,2273163,"CRW_23S_B_P_43.ct",2759,815,Yes,1702635,2923,1673,5207748
"CRW_23S_B_F_45.ct",2923,874,Yes,2273163,"CRW_23S_B_P_44.ct",2867,856,Yes,1872507,2923,807,5223724
"CRW_23S_B_F_45.ct",2923,874,Yes,2273163,"CRW_23S_B_P_5.ct",2821,836,Yes,1785865,2923,1694,5184219
"CRW_23S_B_F_45.ct",2923,874,Yes,2273163,"CRW_23S_B_P_6.ct",2880,847,Yes,2050485,2923,821,5309856
"CRW_23S_B_F_45.ct",2923,874,Yes,2273163,"CRW_23S_B_P_7.ct",3009,843,Yes,1996481,3009,1701,5168525
"CRW_23S_B_F_45.ct",2923,874,Yes,2273163,"CRW_23S_B_P_9.ct",2878,858,Yes,2116906,2923,810,5362652
"CRW_23S_B_F_45.ct",2923,874,Yes,2273163,"CRW_23S_B_S_31.ct",2958,883,Yes,2246688,2958,813,5680246
"CRW_23S_B_F_45.ct",2923,874,Yes,2273163,"CRW_23S_B_S_50.ct",2953,884,Yes,2020100,2953,758,5522885
"CRW_23S_B_F_45.ct",2923,874,Yes,2273163,"CRW_23S_B_S_8.ct",2926,879,Yes,2212754,2926,777,5556039
"CRW_23S_B_F_45.ct",2923,874,Yes,2273163,"CRW_23S_B_T_36.ct",2917,867,Yes,2148546,2923,805,5514232
"CRW_23S_B_F_45.ct",2923,874,Yes,2273163,"CRW_23S_B_T_37.ct",2905,866,Yes,2168692,2923,804,5464642
"CRW_23S_B_F_46.ct",2924,876,Yes,2035912,"CRW_23S_B_P_1.ct",2903,871,Yes,1998706,2924,768,6992869
"CRW_23S_B_F_46.ct",2924,876,Yes,2035912,"CRW_23S_B_P_10.ct",2882,863,Yes,2191073,2924,817,5293093
"CRW_23S_B_F_46.ct",2924,876,Yes,2035912,"CRW_23S_B_P_11.ct",2882,862,Yes,2178534,2924,826,5379953
"CRW_23S_B_F_46.ct",2924,876,Yes,2035912,"CRW_23S_B_P_12.ct",2907,872,Yes,2220182,2924,803,5806113
"CRW_23S_B_F_46.ct",2924,876,Yes,2035912,"CRW_23S_B_P_2.ct",2895,868,Yes,2243715,2924,778,7722843
"CRW_23S_B_F_46.ct",2924,876,Yes,2035912,"CRW_23S_B_P_24.ct",2904,869,Yes,2206727,2924,779,7234278
"CRW_23S_B_F_46.ct",2924,876,Yes,2035912,"CRW_23S_B_P_27.ct",2897,866,Yes,1983893,2924,780,5488498
"CRW_23S_B_F_46.ct",2924,876,Yes,2035912,"CRW_23S_B_P_28.ct",2968,822,No,1777364,2968,1682,5202197
"CRW_23S_B_F_46.ct",2924,876,Yes,2035912,"CRW_23S_B_P_29.ct",2903,868,Yes,2339815,2924,789,5430134
"CRW_23S_B_F_46.ct",2924,876,Yes,2035912,"CRW_23S_B_P_38.ct",2890,865,Yes,2264600,2924,802,5448393
"CRW_23S_B_F_46.ct",2924,876,Yes,2035912,"CRW_23S_B_P_39.ct",2890,865,Yes,2192582,2924,802,6741636
"CRW_23S_B_F_46.ct",2924,876,Yes,2035912,"CRW_23S_B_P_40.ct",2893,857,Yes,2155179,2924,798,7030009
"CRW_23S_B_F_46.ct",2924,876,Yes,2035912,"CRW_23S_B_P_41.ct",2893,867,Yes,3629588,2924,787,5442392
"CRW_23S_B_F_46.ct",2924,876,Yes,2035912,"CRW_23S_B_P_43.ct",2759,815,Yes,1702635,2924,1675,5066093
"CRW_23S_B_F_46.ct",2924,876,Yes,2035912,"CRW_23S_B_P_44.ct",2867,856,Yes,1872507,2924,801,5278633
"CRW_23S_B_F_46.ct",2924,876,Yes,2035912,"CRW_23S_B_P_5.ct",2821,836,Yes,1785865,2924,1696,5629064
"CRW_23S_B_F_46.ct",2924,876,Yes,2035912,"CRW_23S_B_P_6.ct",2880,847,Yes,2050485,2924,827,5151627
"CRW_23S_B_F_46.ct",2924,876,Yes,2035912,"CRW_23S_B_P_7.ct",3009,843,Yes,1996481,3009,1703,5297572
"CRW_23S_B_F_46.ct",2924,876,Yes,2035912,"CRW_23S_B_P_9.ct",2878,858,Yes,2116906,2924,798,5257467
"CRW_23S_B_F_46.ct",2924,876,Yes,2035912,"CRW_23S_B_S_31.ct",2958,883,Yes,2246688,2958,809,5386666
"CRW_23S_B_F_46.ct",2924,876,Yes,2035912,"CRW_23S_B_S_50.ct",2953,884,Yes,2020100,2953,760,5493776
"CRW_23S_B_F_46.ct",2924,876,Yes,2035912,"CRW_23S_B_S_8.ct",2926,879,Yes,2212754,2926,777,5369036
"CRW_23S_B_F_46.ct",2924,876,Yes,2035912,"CRW_23S_B_T_36.ct",2917,867,Yes,2148546,2924,805,5259181
"CRW_23S_B_F_46.ct",2924,876,Yes,2035912,"CRW_23S_B_T_37.ct",2905,866,Yes,2168692,2924,810,5476411
"CRW_23S_B_P_1.ct",2903,871,Yes,1998706,"CRW_23S_B_P_10.ct",2882,863,Yes,2191073,2903,695,5788271
"CRW_23S_B_P_1.ct",2903,871,Yes,1998706,"CRW_23S_B_P_11.ct",2882,862,Yes,2178534,2903,736,5415057
"CRW_23S_B_P_1.ct",2903,871,Yes,1998706,"CRW_23S_B_P_12.ct",2907,872,Yes,2220182,2907,783,5476228
"CRW_23S_B_P_1.ct",2903,871,Yes,1998706,"CRW_23S_B_P_2.ct",2895,868,Yes,2243715,2903,743,8999610
"CRW_23S_B_P_1.ct",2903,871,Yes,1998706,"CRW_23S_B_P_24.ct",2904,869,Yes,2206727,2904,739,5415973
"CRW_23S_B_P_1.ct",2903,871,Yes,1998706,"CRW_23S_B_P_27.ct",2897,866,Yes,1983893,2903,742,5772622
"CRW_23S_B_P_1.ct",2903,871,Yes,1998706,"CRW_23S_B_P_28.ct",2968,822,No,1777364,2968,1677,9848715
"CRW_23S_B_P_1.ct",2903,871,Yes,1998706,"CRW_23S_B_P_29.ct",2903,868,Yes,2339815,2903,741,6902948
"CRW_23S_B_P_1.ct",2903,871,Yes,1998706,"CRW_23S_B_P_38.ct",2890,865,Yes,2264600,2903,803,6025956
"CRW_23S_B_P_1.ct",2903,871,Yes,1998706,"CRW_23S_B_P_39.ct",2890,865,Yes,2192582,2903,803,6008078
"CRW_23S_B_P_1.ct",2903,871,Yes,1998706,"CRW_23S_B_P_40.ct",2893,857,Yes,2155179,2903,775,5452122
"CRW_23S_B_P_1.ct",2903,871,Yes,1998706,"CRW_23S_B_P_41.ct",2893,867,Yes,3629588,2903,516,5383148
"CRW_23S_B_P_1.ct",2903,871,Yes,1998706,"CRW_23S_B_P_43.ct",2759,815,Yes,1702635,2903,1670,5127370
"CRW_23S_B_P_1.ct",2903,871,Yes,1998706,"CRW_23S_B_P_44.ct",2867,856,Yes,1872507,2903,809,5299145
"CRW_23S_B_P_1.ct",2903,871,Yes,1998706,"CRW_23S_B_P_5.ct",2821,836,Yes,1785865,2903,1691,5210141
"CRW_23S_B_P_1.ct",2903,871,Yes,1998706,"CRW_23S_B_P_6.ct",2880,847,Yes,2050485,2903,776,5248550
"CRW_23S_B_P_1.ct",2903,871,Yes,1998706,"CRW_23S_B_P_7.ct",3009,843,Yes,1996481,3009,797,5217129
"CRW_23S_B_P_1.ct",2903,871,Yes,1998706,"CRW_23S_B_P_9.ct",2878,858,Yes,2116906,2903,798,5266151
"CRW_23S_B_P_1.ct",2903,871,Yes,1998706,"CRW_23S_B_S_31.ct",2958,883,Yes,2246688,2958,801,5375786
"CRW_23S_B_P_1.ct",2903,871,Yes,1998706,"CRW_23S_B_S_50.ct",2953,884,Yes,2020100,2953,776,7636933
"CRW_23S_B_P_1.ct",2903,871,Yes,1998706,"CRW_23S_B_S_8.ct",2926,879,Yes,2212754,2926,786,5318804
"CRW_23S_B_P_1.ct",2903,871,Yes,1998706,"CRW_23S_B_T_36.ct",2917,867,Yes,2148546,2917,801,5326150
"CRW_23S_B_P_1.ct",2903,871,Yes,1998706,"CRW_23S_B_T_37.ct",2905,866,Yes,2168692,2905,797,5727250
"CRW_23S_B_P_10.ct",2882,863,Yes,2191073,"CRW_23S_B_P_11.ct",2882,862,Yes,2178534,2882,732,5253979
"CRW_23S_B_P_10.ct",2882,863,Yes,2191073,"CRW_23S_B_P_12.ct",2907,872,Yes,2220182,2907,809,5308910
"CRW_23S_B_P_10.ct",2882,863,Yes,2191073,"CRW_23S_B_P_2.ct",2895,868,Yes,2243715,2895,782,5663128
"CRW_23S_B_P_10.ct",2882,863,Yes,2191073,"CRW_23S_B_P_24.ct",2904,869,Yes,2206727,2904,671,5326744
"CRW_23S_B_P_10.ct",2882,863,Yes,2191073,"CRW_23S_B_P_27.ct",2897,866,Yes,1983893,2897,794,5258482
"CRW_23S_B_P_10.ct",2882,863,Yes,2191073,"CRW_23S_B_P_28.ct",2968,822,No,1777364,2968,1669,5003981
"CRW_23S_B_P_10.ct",2882,863,Yes,2191073,"CRW_23S_B_P_29.ct",2903,868,Yes,2339815,2903,728,5293855
"CRW_23S_B_P_10.ct",2882,863,Yes,2191073,"CRW_23S_B_P_38.ct",2890,865,Yes,2264600,2890,769,5275092
"CRW_23S_B_P_10.ct",2882,863,Yes,2191073,"CRW_23S_B_P_39.ct",2890,865,Yes,2192582,2890,769,5191102
"CRW_23S_B_P_10.ct",2882,863,Yes,2191073,"CRW_23S_B_P_40.ct",2893,857,Yes,2155179,2893,791,5162190
"CRW_23S_B_P_10.ct",2882,863,Yes,2191073,"CRW_23S_B_P_41.ct",2893,867,Yes,3629588,2893,798,5336587
"CRW_23S_B_P_10.ct",2882,863,Yes,2191073,"CRW_23S_B_P_43.ct",2759,815,Yes,1702635,2882,1662,4945075
"CRW_23S_B_P_10.ct",2882,863,Yes,2191073,"CRW_23S_B_P_44.ct",2867,856,Yes,1872507,2882,798,5351390
"CRW_23S_B_P_10.ct",2882,863,Yes,2191073,"CRW_23S_B_P_5.ct",2821,836,Yes,1785865,2882,802,5082488
"CRW_23S_B_P_10.ct",2882,863,Yes,2191073,"CRW_23S_B_P_6.ct",2880,847,Yes,2050485,2882,783,5137205
"CRW_23S_B_P_10.ct",2882,863,Yes,2191073,"CRW_23S_B_P_7.ct",3009,843,Yes,1996481,3009,814,5304447
"CRW_23S_B_P_10.ct",2882,863,Yes,2191073,"CRW_23S_B_P_9.ct",2878,858,Yes,2116906,2882,773,5215982
"CRW_23S_B_P_10.ct",2882,863,Yes,2191073,"CRW_23S_B_S_31.ct",2958,883,Yes,2246688,2958,818,5396730
"CRW_23S_B_P_10.ct",2882,863,Yes,2191073,"CRW_23S_B_S_50.ct",2953,884,Yes,2020100,2953,804,5442853
"CRW_23S_B_P_10.ct",2882,863,Yes,2191073,"CRW_23S_B_S_8.ct",2926,879,Yes,2212754,2926,790,5331438
"CRW_23S_B_P_10.ct",2882,863,Yes,2191073,"CRW_23S_B_T_36.ct",2917,867,Yes,2148546,2917,807,5266478
"CRW_23S_B_P_10.ct",2882,863,Yes,2191073,"CRW_23S_B_T_37.ct",2905,866,Yes,2168692,2905,810,5216494
"CRW_23S_B_P_11.ct",2882,862,Yes,2178534,"CRW_23S_B_P_12.ct",2907,872,Yes,2220182,2907,793,5216643
"CRW_23S_B_P_11.ct",2882,862,Yes,2178534,"CRW_23S_B_P_2.ct",2895,868,Yes,2243715,2895,795,5202372
"CRW_23S_B_P_11.ct",2882,862,Yes,2178534,"CRW_23S_B_P_24.ct",2904,869,Yes,2206727,2904,754,5281173
"CRW_23S_B_P_11.ct",2882,862,Yes,2178534,"CRW_23S_B_P_27.ct",2897,866,Yes,1983893,2897,770,5207891
"CRW_23S_B_P_11.ct",2882,862,Yes,2178534,"CRW_23S_B_P_28.ct",2968,822,No,1777364,2968,1668,4934170
"CRW_23S_B_P_11.ct",2882,862,Yes,2178534,"CRW_23S_B_P_29.ct",2903,868,Yes,2339815,2903,640,5303729
"CRW_23S_B_P_11.ct",2882,862,Yes,2178534,"CRW_23S_B_P_38.ct",2890,865,Yes,2264600,2890,790,5173475
"CRW_23S_B_P_11.ct",2882,862,Yes,2178534,"CRW_23S_B_P_39.ct",2890,865,Yes,2192582,2890,790,5229530
"CRW_23S_B_P_11.ct",2882,862,Yes,2178534,"CRW_23S_B_P_40.ct",2893,857,Yes,2155179,2893,791,5218303
"CRW_23S_B_P_11.ct",2882,862,Yes,2178534,"CRW_23S_B_P_41.ct",2893,867,Yes,3629588,2893,611,5213801
"CRW_23S_B_P_11.ct",2882,862,Yes,2178534,"CRW_23S_B_P_43.ct",2759,815,Yes,1702635,2882,1661,4949226
"CRW_23S_B_P_11.ct",2882,862,Yes,2178534,"CRW_23S_B_P_44.ct",2867,856,Yes,1872507,2882,797,5862224
"CRW_23S_B_P_11.ct",2882,862,Yes,2178534,"CRW_23S_B_P_5.ct",2821,836,Yes,1785865,2882,773,5301473
"CRW_23S_B_P_11.ct",2882,862,Yes,2178534,"CRW_23S_B_P_6.ct",2880,847,Yes,2050485,2882,776,5207588
"CRW_23S_B_P_11.ct",2882,862,Yes,2178534,"CRW_23S_B_P_7.ct",3009,843,Yes,1996481,3009,776,5429882
"CRW_23S_B_P_11.ct",2882,862,Yes,2178534,"CRW_23S_B_P_9.ct",2878,858,Yes,2116906,2882,790,5183484
"CRW_23S_B_P_11.ct",2882,862,Yes,2178534,"CRW_23S_B_S_31.ct",2958,883,Yes,2246688,2958,801,5300473
"CRW_23S_B_P_11.ct",2882,862,Yes,2178534,"CRW_23S_B_S_50.ct",2953,884,Yes,2020100,2953,824,5527774
"CRW_23S_B_P_11.ct",2882,862,Yes,2178534,"CRW_23S_B_S_8.ct",2926,879,Yes,2212754,2926,795,5362434
"CRW_23S_B_P_11.ct",2882,862,Yes,2178534,"CRW_23S_B_T_36.ct",2917,867,Yes,2148546,2917,795,6048199
"CRW_23S_B_P_11.ct",2882,862,Yes,2178534,"CRW_23S_B_T_37.ct",2905,866,Yes,2168692,2905,795,10890422
"CRW_23S_B_P_12.ct",2907,872,Yes,2220182,"CRW_23S_B_P_2.ct",2895,868,Yes,2243715,2907,815,5474279
"CRW_23S_B_P_12.ct",2907,872,Yes,2220182,"CRW_23S_B_P_24.ct",2904,869,Yes,2206727,2907,812,5703989
"CRW_23S_B_P_12.ct",2907,872,Yes,2220182,"CRW_23S_B_P_27.ct",2897,866,Yes,1983893,2907,802,5428200
"CRW_23S_B_P_12.ct",2907,872,Yes,2220182,"CRW_23S_B_P_28.ct",2968,822,No,1777364,2968,1678,5096653
"CRW_23S_B_P_12.ct",2907,872,Yes,2220182,"CRW_23S_B_P_29.ct",2903,868,Yes,2339815,2907,796,5590535
"CRW_23S_B_P_12.ct",2907,872,Yes,2220182,"CRW_23S_B_P_38.ct",2890,865,Yes,2264600,2907,815,5676619
"CRW_23S_B_P_12.ct",2907,872,Yes,2220182,"CRW_23S_B_P_39.ct",2890,865,Yes,2192582,2907,815,5496795
"CRW_23S_B_P_12.ct",2907,872,Yes,2220182,"CRW_23S_B_P_40.ct",2893,857,Yes,2155179,2907,803,6467892
"CRW_23S_B_P_12.ct",2907,872,Yes,2220182,"CRW_23S_B_P_41.ct",2893,867,Yes,3629588,2907,785,5554595
"CRW_23S_B_P_12.ct",2907,872,Yes,2220182,"CRW_23S_B_P_43.ct",2759,815,Yes,1702635,2907,1671,5089222
"CRW_23S_B_P_12.ct",2907,872,Yes,2220182,"CRW_23S_B_P_44.ct",2867,856,Yes,1872507,2907,788,5248867
"CRW_23S_B_P_12.ct",2907,872,Yes,2220182,"CRW_23S_B_P_5.ct",2821,836,Yes,1785865,2907,1692,5080103
"CRW_23S_B_P_12.ct",2907,872,Yes,2220182,"CRW_23S_B_P_6.ct",2880,847,Yes,2050485,2907,809,5169508
"CRW_23S_B_P_12.ct",2907,872,Yes,2220182,"CRW_23S_B_P_7.ct",3009,843,Yes,1996481,3009,805,5096786
"CRW_23S_B_P_12.ct",2907,872,Yes,2220182,"CRW_23S_B_P_9.ct",2878,858,Yes,2116906,2907,784,5194340
"CRW_23S_B_P_12.ct",2907,872,Yes,2220182,"CRW_23S_B_S_31.ct",2958,883,Yes,2246688,2958,809,5648633
"CRW_23S_B_P_12.ct",2907,872,Yes,2220182,"CRW_23S_B_S_50.ct",2953,884,Yes,2020100,2953,807,5380604
"CRW_23S_B_P_12.ct",2907,872,Yes,2220182,"CRW_23S_B_S_8.ct",2926,879,Yes,2212754,2926,803,5293503
"CRW_23S_B_P_12.ct",2907,872,Yes,2220182,"CRW_23S_B_T_36.ct",2917,867,Yes,2148546,2917,705,5372408
"CRW_23S_B_P_12.ct",2907,872,Yes,2220182,"CRW_23S_B_T_37.ct",2905,866,Yes,2168692,2907,778,5451460
"CRW_23S_B_P_2.ct",2895,868,Yes,2243715,"CRW_23S_B_P_24.ct",2904,869,Yes,2206727,2904,715,5235444
"CRW_23S_B_P_2.ct",2895,868,Yes,2243715,"CRW_23S_B_P_27.ct",2897,866,Yes,1983893,2897,743,5252312
"CRW_23S_B_P_2.ct",2895,868,Yes,2243715,"CRW_23S_B_P_28.ct",2968,822,No,1777364,2968,1676,6433655
"CRW_23S_B_P_2.ct",2895,868,Yes,2243715,"CRW_23S_B_P_29.ct",2903,868,Yes,2339815,2903,716,5404373
"CRW_23S_B_P_2.ct",2895,868,Yes,2243715,"CRW_23S_B_P_38.ct",2890,865,Yes,2264600,2895,703,5391453
"CRW_23S_B_P_2.ct",2895,868,Yes,2243715,"CRW_23S_B_P_39.ct",2890,865,Yes,2192582,2895,703,5361726
"CRW_23S_B_P_2.ct",2895,868,Yes,2243715,"CRW_23S_B_P_40.ct",2893,857,Yes,2155179,2895,752,5462651
"CRW_23S_B_P_2.ct",2895,868,Yes,2243715,"CRW_23S_B_P_41.ct",2893,867,Yes,3629588,2895,743,5311864
"CRW_23S_B_P_2.ct",2895,868,Yes,2243715,"CRW_23S_B_P_43.ct",2759,815,Yes,1702635,2895,1669,5062609
"CRW_23S_B_P_2.ct",2895,868,Yes,2243715,"CRW_23S_B_P_44.ct",2867,856,Yes,1872507,2895,794,5218559
"CRW_23S_B_P_2.ct",2895,868,Yes,2243715,"CRW_23S_B_P_5.ct",2821,836,Yes,1785865,2895,1690,5207819
"CRW_23S_B_P_2.ct",2895,868,Yes,2243715,"CRW_23S_B_P_6.ct",2880,847,Yes,2050485,2895,782,6747108
"CRW_23S_B_P_2.ct",2895,868,Yes,2243715,"CRW_23S_B_P_7.ct",3009,843,Yes,1996481,3009,806,5183765
"CRW_23S_B_P_2.ct",2895,868,Yes,2243715,"CRW_23S_B_P_9.ct",2878,858,Yes,2116906,2895,767,5335187
"CRW_23S_B_P_2.ct",2895,868,Yes,2243715,"CRW_23S_B_S_31.ct",2958,883,Yes,2246688,2958,823,5460224
"CRW_23S_B_P_2.ct",2895,868,Yes,2243715,"CRW_23S_B_S_50.ct",2953,884,Yes,2020100,2953,789,6277944
"CRW_23S_B_P_2.ct",2895,868,Yes,2243715,"CRW_23S_B_S_8.ct",2926,879,Yes,2212754,2926,804,5336881
"CRW_23S_B_P_2.ct",2895,868,Yes,2243715,"CRW_23S_B_T_36.ct",2917,867,Yes,2148546,2917,707,5332843
"CRW_23S_B_P_2.ct",2895,868,Yes,2243715,"CRW_23S_B_T_37.ct",2905,866,Yes,2168692,2905,801,5304276
"CRW_23S_B_P_24.ct",2904,869,Yes,2206727,"CRW_23S_B_P_27.ct",2897,866,Yes,1983893,2904,398,5379664
"CRW_23S_B_P_24.ct",2904,869,Yes,2206727,"CRW_23S_B_P_28.ct",2968,822,No,1777364,2968,1675,5044200
"CRW_23S_B_P_24.ct",2904,869,Yes,2206727,"CRW_23S_B_P_29.ct",2903,868,Yes,2339815,2904,421,5276663
"CRW_23S_B_P_24.ct",2904,869,Yes,2206727,"CRW_23S_B_P_38.ct",2890,865,Yes,2264600,2904,795,5277657
"CRW_23S_B_P_24.ct",2904,869,Yes,2206727,"CRW_23S_B_P_39.ct",2890,865,Yes,2192582,2904,795,5395779
"CRW_23S_B_P_24.ct",2904,869,Yes,2206727,"CRW_23S_B_P_40.ct",2893,857,Yes,2155179,2904,781,5393360
"CRW_23S_B_P_24.ct",2904,869,Yes,2206727,"CRW_23S_B_P_41.ct",2893,867,Yes,3629588,2904,739,5317205
"CRW_23S_B_P_24.ct",2904,869,Yes,2206727,"CRW_23S_B_P_43.ct",2759,815,Yes,1702635,2904,1668,5685480
"CRW_23S_B_P_24.ct",2904,869,Yes,2206727,"CRW_23S_B_P_44.ct",2867,856,Yes,1872507,2904,799,5253208
"CRW_23S_B_P_24.ct",2904,869,Yes,2206727,"CRW_23S_B_P_5.ct",2821,836,Yes,1785865,2904,1689,5947552
"CRW_23S_B_P_24.ct",2904,869,Yes,2206727,"CRW_23S_B_P_6.ct",2880,847,Yes,2050485,2904,784,6302176
"CRW_23S_B_P_24.ct",2904,869,Yes,2206727,"CRW_23S_B_P_7.ct",3009,843,Yes,1996481,3009,791,5237538
"CRW_23S_B_P_24.ct",2904,869,Yes,2206727,"CRW_23S_B_P_9.ct",2878,858,Yes,2116906,2904,791,5279722
"CRW_23S_B_P_24.ct",2904,869,Yes,2206727,"CRW_23S_B_S_31.ct",2958,883,Yes,2246688,2958,801,5507473
"CRW_23S_B_P_24.ct",2904,869,Yes,2206727,"CRW_23S_B_S_50.ct",2953,884,Yes,2020100,2953,793,5496761
"CRW_23S_B_P_24.ct",2904,869,Yes,2206727,"CRW_23S_B_S_8.ct",2926,879,Yes,2212754,2926,801,5384215
"CRW_23S_B_P_24.ct",2904,869,Yes,2206727,"CRW_23S_B_T_36.ct",2917,867,Yes,2148546,2917,697,5418780
"CRW_23S_B_P_24.ct",2904,869,Yes,2206727,"CRW_23S_B_T_37.ct",2905,866,Yes,2168692,2905,494,5924572
"CRW_23S_B_P_27.ct",2897,866,Yes,1983893,"CRW_23S_B_P_28.ct",2968,822,No,1777364,2968,1674,5053725
"CRW_23S_B_P_27.ct",2897,866,Yes,1983893,"CRW_23S_B_P_29.ct",2903,868,Yes,2339815,2903,491,5376976
"CRW_23S_B_P_27.ct",2897,866,Yes,1983893,"CRW_23S_B_P_38.ct",2890,865,Yes,2264600,2897,795,5257489
"CRW_23S_B_P_27.ct",2897,866,Yes,1983893,"CRW_23S_B_P_39.ct",2890,865,Yes,2192582,2897,795,5328413
"CRW_23S_B_P_27.ct",2897,866,Yes,1983893,"CRW_23S_B_P_40.ct",2893,857,Yes,2155179,2897,781,5227666
"CRW_23S_B_P_27.ct",2897,866,Yes,1983893,"CRW_23S_B_P_41.ct",2893,867,Yes,3629588,2897,702,6127534
"CRW_23S_B_P_27.ct",2897,866,Yes,1983893,"CRW_23S_B_P_43.ct",2759,815,Yes,1702635,2897,1667,5083842
"CRW_23S_B_P_27.ct",2897,866,Yes,1983893,"CRW_23S_B_P_44.ct",2867,856,Yes,1872507,2897,795,5610706
"CRW_23S_B_P_27.ct",2897,866,Yes,1983893,"CRW_23S_B_P_5.ct",2821,836,Yes,1785865,2897,1688,5256787
"CRW_23S_B_P_27.ct",2897,866,Yes,1983893,"CRW_23S_B_P_6.ct",2880,847,Yes,2050485,2897,791,6192703
"CRW_23S_B_P_27.ct",2897,866,Yes,1983893,"CRW_23S_B_P_7.ct",3009,843,Yes,1996481,3009,794,6656362
"CRW_23S_B_P_27.ct",2897,866,Yes,1983893,"CRW_23S_B_P_9.ct",2878,858,Yes,2116906,2897,802,5337943
"CRW_23S_B_P_27.ct",2897,866,Yes,1983893,"CRW_23S_B_S_31.ct",2958,883,Yes,2246688,2958,804,5639099
"CRW_23S_B_P_27.ct",2897,866,Yes,1983893,"CRW_23S_B_S_50.ct",2953,884,Yes,2020100,2953,790,5381814
"CRW_23S_B_P_27.ct",2897,866,Yes,1983893,"CRW_23S_B_S_8.ct",2926,879,Yes,2212754,2926,790,5668999
"CRW_23S_B_P_27.ct",2897,866,Yes,1983893,"CRW_23S_B_T_36.ct",2917,867,Yes,2148546,2917,671,7887877
"CRW_23S_B_P_27.ct",2897,866,Yes,1983893,"CRW_23S_B_T_37.ct",2905,866,Yes,2168692,2905,491,6087927
"CRW_23S_B_P_28.ct",2968,822,No,1777364,"CRW_23S_B_P_29.ct",2903,868,Yes,2339815,2968,1676,7041537
"CRW_23S_B_P_28.ct",2968,822,No,1777364,"CRW_23S_B_P_38.ct",2890,865,Yes,2264600,2968,1671,6429439
"CRW_23S_B_P_28.ct",2968,822,No,1777364,"CRW_23S_B_P_39.ct",2890,865,Yes,2192582,2968,1671,5144127
"CRW_23S_B_P_28.ct",2968,822,No,1777364,"CRW_23S_B_P_40.ct",2893,857,Yes,2155179,2968,1665,5040650
"CRW_23S_B_P_28.ct",2968,822,No,1777364,"CRW_23S_B_P_41.ct",2893,867,Yes,3629588,2968,1673,5108694
"CRW_23S_B_P_28.ct",2968,822,No,1777364,"CRW_23S_B_P_43.ct",2759,815,Yes,1702635,2968,761,4692398
"CRW_23S_B_P_28.ct",2968,822,No,1777364,"CRW_23S_B_P_44.ct",2867,856,Yes,1872507,2968,1662,5038683
"CRW_23S_B_P_28.ct",2968,822,No,1777364,"CRW_23S_B_P_5.ct",2821,836,Yes,1785865,2968,782,5475248
"CRW_23S_B_P_28.ct",2968,822,No,1777364,"CRW_23S_B_P_6.ct",2880,847,Yes,2050485,2968,662,5070444
"CRW_23S_B_P_28.ct",2968,822,No,1777364,"CRW_23S_B_P_7.ct",3009,843,Yes,1996481,3009,731,4860864
"CRW_23S_B_P_28.ct",2968,822,No,1777364,"CRW_23S_B_P_9.ct",2878,858,Yes,2116906,2968,1664,5014557
"CRW_23S_B_P_28.ct",2968,822,No,1777364,"CRW_23S_B_S_31.ct",2958,883,Yes,2246688,2968,1689,5368161
"CRW_23S_B_P_28.ct",2968,822,No,1777364,"CRW_23S_B_S_50.ct",2953,884,Yes,2020100,2968,1690,5282103
"CRW_23S_B_P_28.ct",2968,822,No,1777364,"CRW_23S_B_S_8.ct",2926,879,Yes,2212754,2968,1685,5205255
"CRW_23S_B_P_28.ct",2968,822,No,1777364,"CRW_23S_B_T_36.ct",2917,867,Yes,2148546,2968,1673,5369579
"CRW_23S_B_P_28.ct",2968,822,No,1777364,"CRW_23S_B_T_37.ct",2905,866,Yes,2168692,2968,1672,5063841
"CRW_23S_B_P_29.ct",2903,868,Yes,2339815,"CRW_23S_B_P_38.ct",2890,865,Yes,2264600,2903,756,5391982
"CRW_23S_B_P_29.ct",2903,868,Yes,2339815,"CRW_23S_B_P_39.ct",2890,865,Yes,2192582,2903,756,5353799
"CRW_23S_B_P_29.ct",2903,868,Yes,2339815,"CRW_23S_B_P_40.ct",2893,857,Yes,2155179,2903,778,5285362
"CRW_23S_B_P_29.ct",2903,868,Yes,2339815,"CRW_23S_B_P_41.ct",2893,867,Yes,3629588,2903,687,8712483
"CRW_23S_B_P_29.ct",2903,868,Yes,2339815,"CRW_23S_B_P_43.ct",2759,815,Yes,1702635,2903,1669,5701910
"CRW_23S_B_P_29.ct",2903,868,Yes,2339815,"CRW_23S_B_P_44.ct",2867,856,Yes,1872507,2903,800,6910691
"CRW_23S_B_P_29.ct",2903,868,Yes,2339815,"CRW_23S_B_P_5.ct",2821,836,Yes,1785865,2903,1690,5807666
"CRW_23S_B_P_29.ct",2903,868,Yes,2339815,"CRW_23S_B_P_6.ct",2880,847,Yes,2050485,2903,792,5787151
"CRW_23S_B_P_29.ct",2903,868,Yes,2339815,"CRW_23S_B_P_7.ct",3009,843,Yes,1996481,3009,802,5769365
"CRW_23S_B_P_29.ct",2903,868,Yes,2339815,"CRW_23S_B_P_9.ct",2878,858,Yes,2116906,2903,800,7532286
"CRW_23S_B_P_29.ct",2903,868,Yes,2339815,"CRW_23S_B_S_31.ct",2958,883,Yes,2246688,2958,808,6516965
"CRW_23S_B_P_29.ct",2903,868,Yes,2339815,"CRW_23S_B_S_50.ct",2953,884,Yes,2020100,2953,787,6089651
"CRW_23S_B_P_29.ct",2903,868,Yes,2339815,"CRW_23S_B_S_8.ct",2926,879,Yes,2212754,2926,782,5945263
"CRW_23S_B_P_29.ct",2903,868,Yes,2339815,"CRW_23S_B_T_36.ct",2917,867,Yes,2148546,2917,641,5937296
"CRW_23S_B_P_29.ct",2903,868,Yes,2339815,"CRW_23S_B_T_37.ct",2905,866,Yes,2168692,2905,550,5906878
"CRW_23S_B_P_38.ct",2890,865,Yes,2264600,"CRW_23S_B_P_39.ct",2890,865,Yes,2192582,2890,0,5870803
"CRW_23S_B_P_38.ct",2890,865,Yes,2264600,"CRW_23S_B_P_40.ct",2893,857,Yes,2155179,2893,695,5855319
"CRW_23S_B_P_38.ct",2890,865,Yes,2264600,"CRW_23S_B_P_41.ct",2893,867,Yes,3629588,2893,755,14654059
"CRW_23S_B_P_38.ct",2890,865,Yes,2264600,"CRW_23S_B_P_43.ct",2759,815,Yes,1702635,2890,1664,3206098
"CRW_23S_B_P_38.ct",2890,865,Yes,2264600,"CRW_23S_B_P_44.ct",2867,856,Yes,1872507,2890,784,3525379
"CRW_23S_B_P_38.ct",2890,865,Yes,2264600,"CRW_23S_B_P_5.ct",2821,836,Yes,1785865,2890,809,3388081
"CRW_23S_B_P_38.ct",2890,865,Yes,2264600,"CRW_23S_B_P_6.ct",2880,847,Yes,2050485,2890,803,3507096
"CRW_23S_B_P_38.ct",2890,865,Yes,2264600,"CRW_23S_B_P_7.ct",3009,843,Yes,1996481,3009,795,3429603
"CRW_23S_B_P_38.ct",2890,865,Yes,2264600,"CRW_23S_B_P_9.ct",2878,858,Yes,2116906,2890,728,3501785
"CRW_23S_B_P_38.ct",2890,865,Yes,2264600,"CRW_23S_B_S_31.ct",2958,883,Yes,2246688,2958,807,3522657
"CRW_23S_B_P_38.ct",2890,865,Yes,2264600,"CRW_23S_B_S_50.ct",2953,884,Yes,2020100,2953,805,3517311
"CRW_23S_B_P_38.ct",2890,865,Yes,2264600,"CRW_23S_B_S_8.ct",2926,879,Yes,2212754,2926,804,3625045
"CRW_23S_B_P_38.ct",2890,865,Yes,2264600,"CRW_23S_B_T_36.ct",2917,867,Yes,2148546,2917,743,3389503
"CRW_23S_B_P_38.ct",2890,865,Yes,2264600,"CRW_23S_B_T_37.ct",2905,866,Yes,2168692,2905,805,3457663
"CRW_23S_B_P_39.ct",2890,865,Yes,2192582,"CRW_23S_B_P_40.ct",2893,857,Yes,2155179,2893,695,3513861
"CRW_23S_B_P_39.ct",2890,865,Yes,2192582,"CRW_23S_B_P_41.ct",2893,867,Yes,3629588,2893,755,3563785
"CRW_23S_B_P_39.ct",2890,865,Yes,2192582,"CRW_23S_B_P_43.ct",2759,815,Yes,1702635,2890,1664,3250783
"CRW_23S_B_P_39.ct",2890,865,Yes,2192582,"CRW_23S_B_P_44.ct",2867,856,Yes,1872507,2890,784,3520872
"CRW_23S_B_P_39.ct",2890,865,Yes,2192582,"CRW_23S_B_P_5.ct",2821,836,Yes,1785865,2890,809,3381672
"CRW_23S_B_P_39.ct",2890,865,Yes,2192582,"CRW_23S_B_P_6.ct",2880,847,Yes,2050485,2890,803,3395030
"CRW_23S_B_P_39.ct",2890,865,Yes,2192582,"CRW_23S_B_P_7.ct",3009,843,Yes,1996481,3009,795,3442517
"CRW_23S_B_P_39.ct",2890,865,Yes,2192582,"CRW_23S_B_P_9.ct",2878,858,Yes,2116906,2890,728,3464608
"CRW_23S_B_P_39.ct",2890,865,Yes,2192582,"CRW_23S_B_S_31.ct",2958,883,Yes,2246688,2958,807,3474707
"CRW_23S_B_P_39.ct",2890,865,Yes,2192582,"CRW_23S_B_S_50.ct",2953,884,Yes,2020100,2953,805,3478961
"CRW_23S_B_P_39.ct",2890,865,Yes,2192582,"CRW_23S_B_S_8.ct",2926,879,Yes,2212754,2926,804,3461559
"CRW_23S_B_P_39.ct",2890,865,Yes,2192582,"CRW_23S_B_T_36.ct",2917,867,Yes,2148546,2917,743,3438721
"CRW_23S_B_P_39.ct",2890,865,Yes,2192582,"CRW_23S_B_T_37.ct",2905,866,Yes,2168692,2905,805,3458823
"CRW_23S_B_P_40.ct",2893,857,Yes,2155179,"CRW_23S_B_P_41.ct",2893,867,Yes,3629588,2893,758,3413537
"CRW_23S_B_P_40.ct",2893,857,Yes,2155179,"CRW_23S_B_P_43.ct",2759,815,Yes,1702635,2893,1658,3175070
"CRW_23S_B_P_40.ct",2893,857,Yes,2155179,"CRW_23S_B_P_44.ct",2867,856,Yes,1872507,2893,727,3454357
"CRW_23S_B_P_40.ct",2893,857,Yes,2155179,"CRW_23S_B_P_5.ct",2821,836,Yes,1785865,2893,793,3285328
"CRW_23S_B_P_40.ct",2893,857,Yes,2155179,"CRW_23S_B_P_6.ct",2880,847,Yes,2050485,2893,794,3351795
"CRW_23S_B_P_40.ct",2893,857,Yes,2155179,"CRW_23S_B_P_7.ct",3009,843,Yes,1996481,3009,703,3557381
"CRW_23S_B_P_40.ct",2893,857,Yes,2155179,"CRW_23S_B_P_9.ct",2878,858,Yes,2116906,2893,705,3531894
"CRW_23S_B_P_40.ct",2893,857,Yes,2155179,"CRW_23S_B_S_31.ct",2958,883,Yes,2246688,2958,823,3514687
"CRW_23S_B_P_40.ct",2893,857,Yes,2155179,"CRW_23S_B_S_50.ct",2953,884,Yes,2020100,2953,800,3392447
"CRW_23S_B_P_40.ct",2893,857,Yes,2155179,"CRW_23S_B_S_8.ct",2926,879,Yes,2212754,2926,808,3206282
"CRW_23S_B_P_40.ct",2893,857,Yes,2155179,"CRW_23S_B_T_36.ct",2917,867,Yes,2148546,2917,809,3113464
"CRW_23S_B_P_40.ct",2893,857,Yes,2155179,"CRW_23S_B_T_37.ct",2905,866,Yes,2168692,2905,803,3108517
"CRW_23S_B_P_41.ct",2893,867,Yes,3629588,"CRW_23S_B_P_43.ct",2759,815,Yes,1702635,2893,1666,2922047
"CRW_23S_B_P_41.ct",2893,867,Yes,3629588,"CRW_23S_B_P_44.ct",2867,856,Yes,1872507,2893,798,3294000
"CRW_23S_B_P_41.ct",2893,867,Yes,3629588,"CRW_23S_B_P_5.ct",2821,836,Yes,1785865,2893,1687,2967200
"CRW_23S_B_P_41.ct",2893,867,Yes,3629588,"CRW_23S_B_P_6.ct",2880,847,Yes,2050485,2893,774,3015313
"CRW_23S_B_P_41.ct",2893,867,Yes,3629588,"CRW_23S_B_P_7.ct",3009,843,Yes,1996481,3009,790,3181503
"CRW_23S_B_P_41.ct",2893,867,Yes,3629588,"CRW_23S_B_P_9.ct",2878,858,Yes,2116906,2893,803,3109093
"CRW_23S_B_P_41.ct",2893,867,Yes,3629588,"CRW_23S_B_S_31.ct",2958,883,Yes,2246688,2958,811,3207531
"CRW_23S_B_P_41.ct",2893,867,Yes,3629588,"CRW_23S_B_S_50.ct",2953,884,Yes,2020100,2953,766,3344074
"CRW_23S_B_P_41.ct",2893,867,Yes,3629588,"CRW_23S_B_S_8.ct",2926,879,Yes,2212754,2926,776,3097831
"CRW_23S_B_P_41.ct",2893,867,Yes,3629588,"CRW_23S_B_T_36.ct",2917,867,Yes,2148546,2917,673,3134392
"CRW_23S_B_P_41.ct",2893,867,Yes,3629588,"CRW_23S_B_T_37.ct",2905,866,Yes,2168692,2905,801,3106792
"CRW_23S_B_P_43.ct",2759,815,Yes,1702635,"CRW_23S_B_P_44.ct",2867,856,Yes,1872507,2867,1655,2884179
"CRW_23S_B_P_43.ct",2759,815,Yes,1702635,"CRW_23S_B_P_5.ct",2821,836,Yes,1785865,2821,767,2825364
"CRW_23S_B_P_43.ct",2759,815,Yes,1702635,"CRW_23S_B_P_6.ct",2880,847,Yes,2050485,2880,1646,2816853
"CRW_23S_B_P_43.ct",2759,815,Yes,1702635,"CRW_23S_B_P_7.ct",3009,843,Yes,1996481,3009,781,2825939
"CRW_23S_B_P_43.ct",2759,815,Yes,1702635,"CRW_23S_B_P_9.ct",2878,858,Yes,2116906,2878,1657,2931043
"CRW_23S_B_P_43.ct",2759,815,Yes,1702635,"CRW_23S_B_S_31.ct",2958,883,Yes,2246688,2958,1682,2972954
"CRW_23S_B_P_43.ct",2759,815,Yes,1702635,"CRW_23S_B_S_50.ct",2953,884,Yes,2020100,2953,1683,2966551
"CRW_23S_B_P_43.ct",2759,815,Yes,1702635,"CRW_23S_B_S_8.ct",2926,879,Yes,2212754,2926,1678,3047755
"CRW_23S_B_P_43.ct",2759,815,Yes,1702635,"CRW_23S_B_T_36.ct",2917,867,Yes,2148546,2917,1666,2968295
"CRW_23S_B_P_43.ct",2759,815,Yes,1702635,"CRW_23S_B_T_37.ct",2905,866,Yes,2168692,2905,1665,2919885
"CRW_23S_B_P_44.ct",2867,856,Yes,1872507,"CRW_23S_B_P_5.ct",2821,836,Yes,1785865,2867,777,3027867
"CRW_23S_B_P_44.ct",2867,856,Yes,1872507,"CRW_23S_B_P_6.ct",2880,847,Yes,2050485,2880,738,3031680
"CRW_23S_B_P_44.ct",2867,856,Yes,1872507,"CRW_23S_B_P_7.ct",3009,843,Yes,1996481,3009,670,3141677
"CRW_23S_B_P_44.ct",2867,856,Yes,1872507,"CRW_23S_B_P_9.ct",2878,858,Yes,2116906,2878,647,3060013
"CRW_23S_B_P_44.ct",2867,856,Yes,1872507,"CRW_23S_B_S_31.ct",2958,883,Yes,2246688,2958,831,3257695
"CRW_23S_B_P_44.ct",2867,856,Yes,1872507,"CRW_23S_B_S_50.ct",2953,884,Yes,2020100,2953,818,3166233
"CRW_23S_B_P_44.ct",2867,856,Yes,1872507,"CRW_23S_B_S_8.ct",2926,879,Yes,2212754,2926,800,3044883
"CRW_23S_B_P_44.ct",2867,856,Yes,1872507,"CRW_23S_B_T_36.ct",2917,867,Yes,2148546,2917,807,3136987
"CRW_23S_B_P_44.ct",2867,856,Yes,1872507,"CRW_23S_B_T_37.ct",2905,866,Yes,2168692,2905,803,3108584
"CRW_23S_B_P_5.ct",2821,836,Yes,1785865,"CRW_23S_B_P_6.ct",2880,847,Yes,2050485,2880,792,2983525
"CRW_23S_B_P_5.ct",2821,836,Yes,1785865,"CRW_23S_B_P_7.ct",3009,843,Yes,1996481,3009,772,2953335
"CRW_23S_B_P_5.ct",2821,836,Yes,1785865,"CRW_23S_B_P_9.ct",2878,858,Yes,2116906,2878,801,2984998
"CRW_23S_B_P_5.ct",2821,836,Yes,1785865,"CRW_23S_B_S_31.ct",2958,883,Yes,2246688,2958,1703,3044017
"CRW_23S_B_P_5.ct",2821,836,Yes,1785865,"CRW_23S_B_S_50.ct",2953,884,Yes,2020100,2953,1704,3180858
"CRW_23S_B_P_5.ct",2821,836,Yes,1785865,"CRW_23S_B_S_8.ct",2926,879,Yes,2212754,2926,1699,3055725
"CRW_23S_B_P_5.ct",2821,836,Yes,1785865,"CRW_23S_B_T_36.ct",2917,867,Yes,2148546,2917,1687,3054314
"CRW_23S_B_P_5.ct",2821,836,Yes,1785865,"CRW_23S_B_T_37.ct",2905,866,Yes,2168692,2905,1686,3003758
"CRW_23S_B_P_6.ct",2880,847,Yes,2050485,"CRW_23S_B_P_7.ct",3009,843,Yes,1996481,3009,788,2987507
"CRW_23S_B_P_6.ct",2880,847,Yes,2050485,"CRW_23S_B_P_9.ct",2878,858,Yes,2116906,2880,781,3021681
"CRW_23S_B_P_6.ct",2880,847,Yes,2050485,"CRW_23S_B_S_31.ct",2958,883,Yes,2246688,2958,1714,3117056
"CRW_23S_B_P_6.ct",2880,847,Yes,2050485,"CRW_23S_B_S_50.ct",2953,884,Yes,2020100,2953,1715,3150440
"CRW_23S_B_P_6.ct",2880,847,Yes,2050485,"CRW_23S_B_S_8.ct",2926,879,Yes,2212754,2926,1710,3021057
"CRW_23S_B_P_6.ct",2880,847,Yes,2050485,"CRW_23S_B_T_36.ct",2917,867,Yes,2148546,2917,799,3396844
"CRW_23S_B_P_6.ct",2880,847,Yes,2050485,"CRW_23S_B_T_37.ct",2905,866,Yes,2168692,2905,784,3055726
"CRW_23S_B_P_7.ct",3009,843,Yes,1996481,"CRW_23S_B_P_9.ct",2878,858,Yes,2116906,3009,791,3023639
"CRW_23S_B_P_7.ct",3009,843,Yes,1996481,"CRW_23S_B_S_31.ct",2958,883,Yes,2246688,3009,1710,3094696
"CRW_23S_B_P_7.ct",3009,843,Yes,1996481,"CRW_23S_B_S_50.ct",2953,884,Yes,2020100,3009,1711,3660586
"CRW_23S_B_P_7.ct",3009,843,Yes,1996481,"CRW_23S_B_S_8.ct",2926,879,Yes,2212754,3009,1706,3499612
"CRW_23S_B_P_7.ct",3009,843,Yes,1996481,"CRW_23S_B_T_36.ct",2917,867,Yes,2148546,3009,799,3232311
"CRW_23S_B_P_7.ct",3009,843,Yes,1996481,"CRW_23S_B_T_37.ct",2905,866,Yes,2168692,3009,802,3217716
"CRW_23S_B_P_9.ct",2878,858,Yes,2116906,"CRW_23S_B_S_31.ct",2958,883,Yes,2246688,2958,818,3239881
"CRW_23S_B_P_9.ct",2878,858,Yes,2116906,"CRW_23S_B_S_50.ct",2953,884,Yes,2020100,2953,813,3350250
"CRW_23S_B_P_9.ct",2878,858,Yes,2116906,"CRW_23S_B_S_8.ct",2926,879,Yes,2212754,2926,792,3288612
"CRW_23S_B_P_9.ct",2878,858,Yes,2116906,"CRW_23S_B_T_36.ct",2917,867,Yes,2148546,2917,810,3200510
"CRW_23S_B_P_9.ct",2878,858,Yes,2116906,"CRW_23S_B_T_37.ct",2905,866,Yes,2168692,2905,812,3310960
"CRW_23S_B_S_31.ct",2958,883,Yes,2246688,"CRW_23S_B_S_50.ct",2953,884,Yes,2020100,2958,566,3296684
"CRW_23S_B_S_31.ct",2958,883,Yes,2246688,"CRW_23S_B_S_8.ct",2926,879,Yes,2212754,2958,718,3169233
"CRW_23S_B_S_31.ct",2958,883,Yes,2246688,"CRW_23S_B_T_36.ct",2917,867,Yes,2148546,2958,776,3195146
"CRW_23S_B_S_31.ct",2958,883,Yes,2246688,"CRW_23S_B_T_37.ct",2905,866,Yes,2168692,2958,783,3193051
"CRW_23S_B_S_50.ct",2953,884,Yes,2020100,"CRW_23S_B_S_8.ct",2926,879,Yes,2212754,2953,630,3330208
"CRW_23S_B_S_50.ct",2953,884,Yes,2020100,"CRW_23S_B_T_36.ct",2917,867,Yes,2148546,2953,825,3199863
"CRW_23S_B_S_50.ct",2953,884,Yes,2020100,"CRW_23S_B_T_37.ct",2905,866,Yes,2168692,2953,830,3236985
"CRW_23S_B_S_8.ct",2926,879,Yes,2212754,"CRW_23S_B_T_36.ct",2917,867,Yes,2148546,2926,798,3327897
"CRW_23S_B_S_8.ct",2926,879,Yes,2212754,"CRW_23S_B_T_37.ct",2905,866,Yes,2168692,2926,807,3346227
"CRW_23S_B_T_36.ct",2917,867,Yes,2148546,"CRW_23S_B_T_37.ct",2905,866,Yes,2168692,2917,483,3149295
