FileName1,NumberOfNucleotides1,NumberOfWeakBonds1,IsPseudoknotted1,TimeToGenerateStructuralSequence1[ns],FileName2,NumberOfNucleotides2,NumberOfWeakBonds2,IsPseudoknotted2,TimeToGenerateStructuralSequence2[ns],MaxNumberOfNucleotides1-2,SERNADistance,TimeToCalculateSERNADistance[ns]
"CRW_16S_A_C_1.ct",1504,471,Yes,7837700,"CRW_16S_A_C_19.ct",1498,469,Yes,9807500,1504,382,21421300
"CRW_16S_A_C_1.ct",1504,471,Yes,7837700,"CRW_16S_A_C_20.ct",1495,468,Yes,460800,1504,411,4659800
"CRW_16S_A_C_1.ct",1504,471,Yes,7837700,"CRW_16S_A_C_21.ct",1495,468,Yes,476500,1504,411,9183500
"CRW_16S_A_C_1.ct",1504,471,Yes,7837700,"CRW_16S_A_C_25.ct",1505,475,Yes,434400,1505,417,9735000
"CRW_16S_A_C_1.ct",1504,471,Yes,7837700,"CRW_16S_A_E_10.ct",1481,463,Yes,398000,1504,416,9011800
"CRW_16S_A_C_1.ct",1504,471,Yes,7837700,"CRW_16S_A_E_11.ct",1481,463,Yes,447200,1504,416,6114900
"CRW_16S_A_C_1.ct",1504,471,Yes,7837700,"CRW_16S_A_E_13.ct",1473,460,Yes,399700,1504,417,3918000
"CRW_16S_A_C_1.ct",1504,471,Yes,7837700,"CRW_16S_A_E_14.ct",1476,461,Yes,403700,1504,417,11532200
"CRW_16S_A_C_1.ct",1504,471,Yes,7837700,"CRW_16S_A_E_15.ct",1472,462,Yes,385300,1504,416,7483300
"CRW_16S_A_C_1.ct",1504,471,Yes,7837700,"CRW_16S_A_E_16.ct",1512,474,Yes,413700,1512,305,9689200
"CRW_16S_A_C_1.ct",1504,471,Yes,7837700,"CRW_16S_A_E_17.ct",1496,469,Yes,366400,1504,413,8627400
"CRW_16S_A_C_1.ct",1504,471,Yes,7837700,"CRW_16S_A_E_18.ct",1500,473,Yes,400800,1504,381,6003800
"CRW_16S_A_C_1.ct",1504,471,Yes,7837700,"CRW_16S_A_E_2.ct",1493,471,Yes,353900,1504,375,6568700
"CRW_16S_A_C_1.ct",1504,471,Yes,7837700,"CRW_16S_A_E_23.ct",1487,468,Yes,482600,1504,417,7001900
"CRW_16S_A_C_1.ct",1504,471,Yes,7837700,"CRW_16S_A_E_24.ct",1473,462,Yes,412700,1504,416,7800400
"CRW_16S_A_C_1.ct",1504,471,Yes,7837700,"CRW_16S_A_E_3.ct",1473,461,Yes,400400,1504,418,9424000
"CRW_16S_A_C_1.ct",1504,471,Yes,7837700,"CRW_16S_A_E_4.ct",1473,461,Yes,402400,1504,418,8393800
"CRW_16S_A_C_1.ct",1504,471,Yes,7837700,"CRW_16S_A_E_5.ct",1473,462,Yes,340000,1504,418,8481600
"CRW_16S_A_C_1.ct",1504,471,Yes,7837700,"CRW_16S_A_E_6.ct",1474,458,Yes,372800,1504,418,7263500
"CRW_16S_A_C_1.ct",1504,471,Yes,7837700,"CRW_16S_A_E_7.ct",1477,462,Yes,433000,1504,414,3307000
"CRW_16S_A_C_1.ct",1504,471,Yes,7837700,"CRW_16S_A_E_8.ct",1468,460,Yes,338000,1504,416,3057200
"CRW_16S_A_C_1.ct",1504,471,Yes,7837700,"CRW_16S_A_E_9.ct",1467,457,Yes,390900,1504,414,3553200
"CRW_16S_A_C_1.ct",1504,471,Yes,7837700,"CRW_16S_A_N_12.ct",1501,474,Yes,354600,1504,318,2207900
"CRW_16S_A_C_19.ct",1498,469,Yes,9807500,"CRW_16S_A_C_20.ct",1495,468,Yes,460800,1498,267,4353900
"CRW_16S_A_C_19.ct",1498,469,Yes,9807500,"CRW_16S_A_C_21.ct",1495,468,Yes,476500,1498,267,3551400
"CRW_16S_A_C_19.ct",1498,469,Yes,9807500,"CRW_16S_A_C_25.ct",1505,475,Yes,434400,1505,395,3412500
"CRW_16S_A_C_19.ct",1498,469,Yes,9807500,"CRW_16S_A_E_10.ct",1481,463,Yes,398000,1498,414,3692200
"CRW_16S_A_C_19.ct",1498,469,Yes,9807500,"CRW_16S_A_E_11.ct",1481,463,Yes,447200,1498,414,3450100
"CRW_16S_A_C_19.ct",1498,469,Yes,9807500,"CRW_16S_A_E_13.ct",1473,460,Yes,399700,1498,415,3581000
"CRW_16S_A_C_19.ct",1498,469,Yes,9807500,"CRW_16S_A_E_14.ct",1476,461,Yes,403700,1498,415,3559200
"CRW_16S_A_C_19.ct",1498,469,Yes,9807500,"CRW_16S_A_E_15.ct",1472,462,Yes,385300,1498,415,3485400
"CRW_16S_A_C_19.ct",1498,469,Yes,9807500,"CRW_16S_A_E_16.ct",1512,474,Yes,413700,1512,395,3579700
"CRW_16S_A_C_19.ct",1498,469,Yes,9807500,"CRW_16S_A_E_17.ct",1496,469,Yes,366400,1498,360,3799100
"CRW_16S_A_C_19.ct",1498,469,Yes,9807500,"CRW_16S_A_E_18.ct",1500,473,Yes,400800,1500,415,3631500
"CRW_16S_A_C_19.ct",1498,469,Yes,9807500,"CRW_16S_A_E_2.ct",1493,471,Yes,353900,1498,414,3498900
"CRW_16S_A_C_19.ct",1498,469,Yes,9807500,"CRW_16S_A_E_23.ct",1487,468,Yes,482600,1498,416,2857100
"CRW_16S_A_C_19.ct",1498,469,Yes,9807500,"CRW_16S_A_E_24.ct",1473,462,Yes,412700,1498,415,2660300
"CRW_16S_A_C_19.ct",1498,469,Yes,9807500,"CRW_16S_A_E_3.ct",1473,461,Yes,400400,1498,416,2224000
"CRW_16S_A_C_19.ct",1498,469,Yes,9807500,"CRW_16S_A_E_4.ct",1473,461,Yes,402400,1498,416,3379300
"CRW_16S_A_C_19.ct",1498,469,Yes,9807500,"CRW_16S_A_E_5.ct",1473,462,Yes,340000,1498,417,2878800
"CRW_16S_A_C_19.ct",1498,469,Yes,9807500,"CRW_16S_A_E_6.ct",1474,458,Yes,372800,1498,416,2250000
"CRW_16S_A_C_19.ct",1498,469,Yes,9807500,"CRW_16S_A_E_7.ct",1477,462,Yes,433000,1498,412,2283900
"CRW_16S_A_C_19.ct",1498,469,Yes,9807500,"CRW_16S_A_E_8.ct",1468,460,Yes,338000,1498,414,2519000
"CRW_16S_A_C_19.ct",1498,469,Yes,9807500,"CRW_16S_A_E_9.ct",1467,457,Yes,390900,1498,412,2783000
"CRW_16S_A_C_19.ct",1498,469,Yes,9807500,"CRW_16S_A_N_12.ct",1501,474,Yes,354600,1501,388,3757300
"CRW_16S_A_C_20.ct",1495,468,Yes,460800,"CRW_16S_A_C_21.ct",1495,468,Yes,476500,1495,0,2774700
"CRW_16S_A_C_20.ct",1495,468,Yes,460800,"CRW_16S_A_C_25.ct",1505,475,Yes,434400,1505,318,2444200
"CRW_16S_A_C_20.ct",1495,468,Yes,460800,"CRW_16S_A_E_10.ct",1481,463,Yes,398000,1495,414,2153500
"CRW_16S_A_C_20.ct",1495,468,Yes,460800,"CRW_16S_A_E_11.ct",1481,463,Yes,447200,1495,414,2425300
"CRW_16S_A_C_20.ct",1495,468,Yes,460800,"CRW_16S_A_E_13.ct",1473,460,Yes,399700,1495,415,2547100
"CRW_16S_A_C_20.ct",1495,468,Yes,460800,"CRW_16S_A_E_14.ct",1476,461,Yes,403700,1495,415,2275800
"CRW_16S_A_C_20.ct",1495,468,Yes,460800,"CRW_16S_A_E_15.ct",1472,462,Yes,385300,1495,415,2314800
"CRW_16S_A_C_20.ct",1495,468,Yes,460800,"CRW_16S_A_E_16.ct",1512,474,Yes,413700,1512,396,3415200
"CRW_16S_A_C_20.ct",1495,468,Yes,460800,"CRW_16S_A_E_17.ct",1496,469,Yes,366400,1496,339,2864100
"CRW_16S_A_C_20.ct",1495,468,Yes,460800,"CRW_16S_A_E_18.ct",1500,473,Yes,400800,1500,417,2277500
"CRW_16S_A_C_20.ct",1495,468,Yes,460800,"CRW_16S_A_E_2.ct",1493,471,Yes,353900,1495,415,2424800
"CRW_16S_A_C_20.ct",1495,468,Yes,460800,"CRW_16S_A_E_23.ct",1487,468,Yes,482600,1495,410,3099500
"CRW_16S_A_C_20.ct",1495,468,Yes,460800,"CRW_16S_A_E_24.ct",1473,462,Yes,412700,1495,415,2301100
"CRW_16S_A_C_20.ct",1495,468,Yes,460800,"CRW_16S_A_E_3.ct",1473,461,Yes,400400,1495,416,2460200
"CRW_16S_A_C_20.ct",1495,468,Yes,460800,"CRW_16S_A_E_4.ct",1473,461,Yes,402400,1495,416,2126600
"CRW_16S_A_C_20.ct",1495,468,Yes,460800,"CRW_16S_A_E_5.ct",1473,462,Yes,340000,1495,417,2947000
"CRW_16S_A_C_20.ct",1495,468,Yes,460800,"CRW_16S_A_E_6.ct",1474,458,Yes,372800,1495,416,2270100
"CRW_16S_A_C_20.ct",1495,468,Yes,460800,"CRW_16S_A_E_7.ct",1477,462,Yes,433000,1495,412,2258400
"CRW_16S_A_C_20.ct",1495,468,Yes,460800,"CRW_16S_A_E_8.ct",1468,460,Yes,338000,1495,414,3373000
"CRW_16S_A_C_20.ct",1495,468,Yes,460800,"CRW_16S_A_E_9.ct",1467,457,Yes,390900,1495,412,2698500
"CRW_16S_A_C_20.ct",1495,468,Yes,460800,"CRW_16S_A_N_12.ct",1501,474,Yes,354600,1501,417,2234200
"CRW_16S_A_C_21.ct",1495,468,Yes,476500,"CRW_16S_A_C_25.ct",1505,475,Yes,434400,1505,318,3213400
"CRW_16S_A_C_21.ct",1495,468,Yes,476500,"CRW_16S_A_E_10.ct",1481,463,Yes,398000,1495,414,2853800
"CRW_16S_A_C_21.ct",1495,468,Yes,476500,"CRW_16S_A_E_11.ct",1481,463,Yes,447200,1495,414,2561600
"CRW_16S_A_C_21.ct",1495,468,Yes,476500,"CRW_16S_A_E_13.ct",1473,460,Yes,399700,1495,415,2146000
"CRW_16S_A_C_21.ct",1495,468,Yes,476500,"CRW_16S_A_E_14.ct",1476,461,Yes,403700,1495,415,2200000
"CRW_16S_A_C_21.ct",1495,468,Yes,476500,"CRW_16S_A_E_15.ct",1472,462,Yes,385300,1495,415,2286000
"CRW_16S_A_C_21.ct",1495,468,Yes,476500,"CRW_16S_A_E_16.ct",1512,474,Yes,413700,1512,396,2355500
"CRW_16S_A_C_21.ct",1495,468,Yes,476500,"CRW_16S_A_E_17.ct",1496,469,Yes,366400,1496,339,2257000
"CRW_16S_A_C_21.ct",1495,468,Yes,476500,"CRW_16S_A_E_18.ct",1500,473,Yes,400800,1500,417,2565000
"CRW_16S_A_C_21.ct",1495,468,Yes,476500,"CRW_16S_A_E_2.ct",1493,471,Yes,353900,1495,415,2897000
"CRW_16S_A_C_21.ct",1495,468,Yes,476500,"CRW_16S_A_E_23.ct",1487,468,Yes,482600,1495,410,3330100
"CRW_16S_A_C_21.ct",1495,468,Yes,476500,"CRW_16S_A_E_24.ct",1473,462,Yes,412700,1495,415,2728100
"CRW_16S_A_C_21.ct",1495,468,Yes,476500,"CRW_16S_A_E_3.ct",1473,461,Yes,400400,1495,416,2669900
"CRW_16S_A_C_21.ct",1495,468,Yes,476500,"CRW_16S_A_E_4.ct",1473,461,Yes,402400,1495,416,2340200
"CRW_16S_A_C_21.ct",1495,468,Yes,476500,"CRW_16S_A_E_5.ct",1473,462,Yes,340000,1495,417,2485800
"CRW_16S_A_C_21.ct",1495,468,Yes,476500,"CRW_16S_A_E_6.ct",1474,458,Yes,372800,1495,416,3568800
"CRW_16S_A_C_21.ct",1495,468,Yes,476500,"CRW_16S_A_E_7.ct",1477,462,Yes,433000,1495,412,2433100
"CRW_16S_A_C_21.ct",1495,468,Yes,476500,"CRW_16S_A_E_8.ct",1468,460,Yes,338000,1495,414,2296500
"CRW_16S_A_C_21.ct",1495,468,Yes,476500,"CRW_16S_A_E_9.ct",1467,457,Yes,390900,1495,412,2151600
"CRW_16S_A_C_21.ct",1495,468,Yes,476500,"CRW_16S_A_N_12.ct",1501,474,Yes,354600,1501,417,3881700
"CRW_16S_A_C_25.ct",1505,475,Yes,434400,"CRW_16S_A_E_10.ct",1481,463,Yes,398000,1505,419,2805500
"CRW_16S_A_C_25.ct",1505,475,Yes,434400,"CRW_16S_A_E_11.ct",1481,463,Yes,447200,1505,419,2197700
"CRW_16S_A_C_25.ct",1505,475,Yes,434400,"CRW_16S_A_E_13.ct",1473,460,Yes,399700,1505,420,2401000
"CRW_16S_A_C_25.ct",1505,475,Yes,434400,"CRW_16S_A_E_14.ct",1476,461,Yes,403700,1505,420,2743700
"CRW_16S_A_C_25.ct",1505,475,Yes,434400,"CRW_16S_A_E_15.ct",1472,462,Yes,385300,1505,420,2133600
"CRW_16S_A_C_25.ct",1505,475,Yes,434400,"CRW_16S_A_E_16.ct",1512,474,Yes,413700,1512,399,2499700
"CRW_16S_A_C_25.ct",1505,475,Yes,434400,"CRW_16S_A_E_17.ct",1496,469,Yes,366400,1505,342,2721500
"CRW_16S_A_C_25.ct",1505,475,Yes,434400,"CRW_16S_A_E_18.ct",1500,473,Yes,400800,1505,308,2684100
"CRW_16S_A_C_25.ct",1505,475,Yes,434400,"CRW_16S_A_E_2.ct",1493,471,Yes,353900,1505,308,2488800
"CRW_16S_A_C_25.ct",1505,475,Yes,434400,"CRW_16S_A_E_23.ct",1487,468,Yes,482600,1505,417,4062100
"CRW_16S_A_C_25.ct",1505,475,Yes,434400,"CRW_16S_A_E_24.ct",1473,462,Yes,412700,1505,420,1921900
"CRW_16S_A_C_25.ct",1505,475,Yes,434400,"CRW_16S_A_E_3.ct",1473,461,Yes,400400,1505,421,1813100
"CRW_16S_A_C_25.ct",1505,475,Yes,434400,"CRW_16S_A_E_4.ct",1473,461,Yes,402400,1505,421,1841700
"CRW_16S_A_C_25.ct",1505,475,Yes,434400,"CRW_16S_A_E_5.ct",1473,462,Yes,340000,1505,422,2408600
"CRW_16S_A_C_25.ct",1505,475,Yes,434400,"CRW_16S_A_E_6.ct",1474,458,Yes,372800,1505,421,2416400
"CRW_16S_A_C_25.ct",1505,475,Yes,434400,"CRW_16S_A_E_7.ct",1477,462,Yes,433000,1505,417,3080700
"CRW_16S_A_C_25.ct",1505,475,Yes,434400,"CRW_16S_A_E_8.ct",1468,460,Yes,338000,1505,419,1752500
"CRW_16S_A_C_25.ct",1505,475,Yes,434400,"CRW_16S_A_E_9.ct",1467,457,Yes,390900,1505,418,1784100
"CRW_16S_A_C_25.ct",1505,475,Yes,434400,"CRW_16S_A_N_12.ct",1501,474,Yes,354600,1505,421,2011200
"CRW_16S_A_E_10.ct",1481,463,Yes,398000,"CRW_16S_A_E_11.ct",1481,463,Yes,447200,1481,0,1824000
"CRW_16S_A_E_10.ct",1481,463,Yes,398000,"CRW_16S_A_E_13.ct",1473,460,Yes,399700,1481,343,1734600
"CRW_16S_A_E_10.ct",1481,463,Yes,398000,"CRW_16S_A_E_14.ct",1476,461,Yes,403700,1481,343,1748500
"CRW_16S_A_E_10.ct",1481,463,Yes,398000,"CRW_16S_A_E_15.ct",1472,462,Yes,385300,1481,220,1794000
"CRW_16S_A_E_10.ct",1481,463,Yes,398000,"CRW_16S_A_E_16.ct",1512,474,Yes,413700,1512,416,2127000
"CRW_16S_A_E_10.ct",1481,463,Yes,398000,"CRW_16S_A_E_17.ct",1496,469,Yes,366400,1496,415,1884300
"CRW_16S_A_E_10.ct",1481,463,Yes,398000,"CRW_16S_A_E_18.ct",1500,473,Yes,400800,1500,415,1926300
"CRW_16S_A_E_10.ct",1481,463,Yes,398000,"CRW_16S_A_E_2.ct",1493,471,Yes,353900,1493,414,2246700
"CRW_16S_A_E_10.ct",1481,463,Yes,398000,"CRW_16S_A_E_23.ct",1487,468,Yes,482600,1487,411,1785500
"CRW_16S_A_E_10.ct",1481,463,Yes,398000,"CRW_16S_A_E_24.ct",1473,462,Yes,412700,1481,220,2015400
"CRW_16S_A_E_10.ct",1481,463,Yes,398000,"CRW_16S_A_E_3.ct",1473,461,Yes,400400,1481,379,1791200
"CRW_16S_A_E_10.ct",1481,463,Yes,398000,"CRW_16S_A_E_4.ct",1473,461,Yes,402400,1481,379,1889000
"CRW_16S_A_E_10.ct",1481,463,Yes,398000,"CRW_16S_A_E_5.ct",1473,462,Yes,340000,1481,269,1907900
"CRW_16S_A_E_10.ct",1481,463,Yes,398000,"CRW_16S_A_E_6.ct",1474,458,Yes,372800,1481,357,1734800
"CRW_16S_A_E_10.ct",1481,463,Yes,398000,"CRW_16S_A_E_7.ct",1477,462,Yes,433000,1481,272,2417000
"CRW_16S_A_E_10.ct",1481,463,Yes,398000,"CRW_16S_A_E_8.ct",1468,460,Yes,338000,1481,406,2039500
"CRW_16S_A_E_10.ct",1481,463,Yes,398000,"CRW_16S_A_E_9.ct",1467,457,Yes,390900,1481,406,1827300
"CRW_16S_A_E_10.ct",1481,463,Yes,398000,"CRW_16S_A_N_12.ct",1501,474,Yes,354600,1501,419,1984300
"CRW_16S_A_E_11.ct",1481,463,Yes,447200,"CRW_16S_A_E_13.ct",1473,460,Yes,399700,1481,343,1922500
"CRW_16S_A_E_11.ct",1481,463,Yes,447200,"CRW_16S_A_E_14.ct",1476,461,Yes,403700,1481,343,2525000
"CRW_16S_A_E_11.ct",1481,463,Yes,447200,"CRW_16S_A_E_15.ct",1472,462,Yes,385300,1481,220,2460500
"CRW_16S_A_E_11.ct",1481,463,Yes,447200,"CRW_16S_A_E_16.ct",1512,474,Yes,413700,1512,416,2513400
"CRW_16S_A_E_11.ct",1481,463,Yes,447200,"CRW_16S_A_E_17.ct",1496,469,Yes,366400,1496,415,1947000
"CRW_16S_A_E_11.ct",1481,463,Yes,447200,"CRW_16S_A_E_18.ct",1500,473,Yes,400800,1500,415,1848600
"CRW_16S_A_E_11.ct",1481,463,Yes,447200,"CRW_16S_A_E_2.ct",1493,471,Yes,353900,1493,414,2249000
"CRW_16S_A_E_11.ct",1481,463,Yes,447200,"CRW_16S_A_E_23.ct",1487,468,Yes,482600,1487,411,2503800
"CRW_16S_A_E_11.ct",1481,463,Yes,447200,"CRW_16S_A_E_24.ct",1473,462,Yes,412700,1481,220,3236900
"CRW_16S_A_E_11.ct",1481,463,Yes,447200,"CRW_16S_A_E_3.ct",1473,461,Yes,400400,1481,379,2003700
"CRW_16S_A_E_11.ct",1481,463,Yes,447200,"CRW_16S_A_E_4.ct",1473,461,Yes,402400,1481,379,2979700
"CRW_16S_A_E_11.ct",1481,463,Yes,447200,"CRW_16S_A_E_5.ct",1473,462,Yes,340000,1481,269,2313300
"CRW_16S_A_E_11.ct",1481,463,Yes,447200,"CRW_16S_A_E_6.ct",1474,458,Yes,372800,1481,357,2777400
"CRW_16S_A_E_11.ct",1481,463,Yes,447200,"CRW_16S_A_E_7.ct",1477,462,Yes,433000,1481,272,2042200
"CRW_16S_A_E_11.ct",1481,463,Yes,447200,"CRW_16S_A_E_8.ct",1468,460,Yes,338000,1481,406,2241900
"CRW_16S_A_E_11.ct",1481,463,Yes,447200,"CRW_16S_A_E_9.ct",1467,457,Yes,390900,1481,406,2440600
"CRW_16S_A_E_11.ct",1481,463,Yes,447200,"CRW_16S_A_N_12.ct",1501,474,Yes,354600,1501,419,2154500
"CRW_16S_A_E_13.ct",1473,460,Yes,399700,"CRW_16S_A_E_14.ct",1476,461,Yes,403700,1476,10,3958300
"CRW_16S_A_E_13.ct",1473,460,Yes,399700,"CRW_16S_A_E_15.ct",1472,462,Yes,385300,1473,354,3373000
"CRW_16S_A_E_13.ct",1473,460,Yes,399700,"CRW_16S_A_E_16.ct",1512,474,Yes,413700,1512,418,3267800
"CRW_16S_A_E_13.ct",1473,460,Yes,399700,"CRW_16S_A_E_17.ct",1496,469,Yes,366400,1496,416,3339100
"CRW_16S_A_E_13.ct",1473,460,Yes,399700,"CRW_16S_A_E_18.ct",1500,473,Yes,400800,1500,417,3878700
"CRW_16S_A_E_13.ct",1473,460,Yes,399700,"CRW_16S_A_E_2.ct",1493,471,Yes,353900,1493,415,3676400
"CRW_16S_A_E_13.ct",1473,460,Yes,399700,"CRW_16S_A_E_23.ct",1487,468,Yes,482600,1487,413,3076000
"CRW_16S_A_E_13.ct",1473,460,Yes,399700,"CRW_16S_A_E_24.ct",1473,462,Yes,412700,1473,354,2156100
"CRW_16S_A_E_13.ct",1473,460,Yes,399700,"CRW_16S_A_E_3.ct",1473,461,Yes,400400,1473,144,2316200
"CRW_16S_A_E_13.ct",1473,460,Yes,399700,"CRW_16S_A_E_4.ct",1473,461,Yes,402400,1473,144,2600800
"CRW_16S_A_E_13.ct",1473,460,Yes,399700,"CRW_16S_A_E_5.ct",1473,462,Yes,340000,1473,376,1982800
"CRW_16S_A_E_13.ct",1473,460,Yes,399700,"CRW_16S_A_E_6.ct",1474,458,Yes,372800,1474,305,2731200
"CRW_16S_A_E_13.ct",1473,460,Yes,399700,"CRW_16S_A_E_7.ct",1477,462,Yes,433000,1477,406,2326600
"CRW_16S_A_E_13.ct",1473,460,Yes,399700,"CRW_16S_A_E_8.ct",1468,460,Yes,338000,1473,402,2196800
"CRW_16S_A_E_13.ct",1473,460,Yes,399700,"CRW_16S_A_E_9.ct",1467,457,Yes,390900,1473,405,1901300
"CRW_16S_A_E_13.ct",1473,460,Yes,399700,"CRW_16S_A_N_12.ct",1501,474,Yes,354600,1501,421,1954800
"CRW_16S_A_E_14.ct",1476,461,Yes,403700,"CRW_16S_A_E_15.ct",1472,462,Yes,385300,1476,353,2138200
"CRW_16S_A_E_14.ct",1476,461,Yes,403700,"CRW_16S_A_E_16.ct",1512,474,Yes,413700,1512,418,2481100
"CRW_16S_A_E_14.ct",1476,461,Yes,403700,"CRW_16S_A_E_17.ct",1496,469,Yes,366400,1496,416,1983000
"CRW_16S_A_E_14.ct",1476,461,Yes,403700,"CRW_16S_A_E_18.ct",1500,473,Yes,400800,1500,417,2470800
"CRW_16S_A_E_14.ct",1476,461,Yes,403700,"CRW_16S_A_E_2.ct",1493,471,Yes,353900,1493,415,1963200
"CRW_16S_A_E_14.ct",1476,461,Yes,403700,"CRW_16S_A_E_23.ct",1487,468,Yes,482600,1487,413,1927000
"CRW_16S_A_E_14.ct",1476,461,Yes,403700,"CRW_16S_A_E_24.ct",1473,462,Yes,412700,1476,353,2348700
"CRW_16S_A_E_14.ct",1476,461,Yes,403700,"CRW_16S_A_E_3.ct",1473,461,Yes,400400,1476,140,2168800
"CRW_16S_A_E_14.ct",1476,461,Yes,403700,"CRW_16S_A_E_4.ct",1473,461,Yes,402400,1476,140,2160300
"CRW_16S_A_E_14.ct",1476,461,Yes,403700,"CRW_16S_A_E_5.ct",1473,462,Yes,340000,1476,377,1897800
"CRW_16S_A_E_14.ct",1476,461,Yes,403700,"CRW_16S_A_E_6.ct",1474,458,Yes,372800,1476,306,2187300
"CRW_16S_A_E_14.ct",1476,461,Yes,403700,"CRW_16S_A_E_7.ct",1477,462,Yes,433000,1477,406,1801100
"CRW_16S_A_E_14.ct",1476,461,Yes,403700,"CRW_16S_A_E_8.ct",1468,460,Yes,338000,1476,406,1815200
"CRW_16S_A_E_14.ct",1476,461,Yes,403700,"CRW_16S_A_E_9.ct",1467,457,Yes,390900,1476,405,2147800
"CRW_16S_A_E_14.ct",1476,461,Yes,403700,"CRW_16S_A_N_12.ct",1501,474,Yes,354600,1501,421,1885000
"CRW_16S_A_E_15.ct",1472,462,Yes,385300,"CRW_16S_A_E_16.ct",1512,474,Yes,413700,1512,417,1832000
"CRW_16S_A_E_15.ct",1472,462,Yes,385300,"CRW_16S_A_E_17.ct",1496,469,Yes,366400,1496,415,2198000
"CRW_16S_A_E_15.ct",1472,462,Yes,385300,"CRW_16S_A_E_18.ct",1500,473,Yes,400800,1500,417,2433200
"CRW_16S_A_E_15.ct",1472,462,Yes,385300,"CRW_16S_A_E_2.ct",1493,471,Yes,353900,1493,414,2160700
"CRW_16S_A_E_15.ct",1472,462,Yes,385300,"CRW_16S_A_E_23.ct",1487,468,Yes,482600,1487,411,1882300
"CRW_16S_A_E_15.ct",1472,462,Yes,385300,"CRW_16S_A_E_24.ct",1473,462,Yes,412700,1473,0,2901700
"CRW_16S_A_E_15.ct",1472,462,Yes,385300,"CRW_16S_A_E_3.ct",1473,461,Yes,400400,1473,379,1991200
"CRW_16S_A_E_15.ct",1472,462,Yes,385300,"CRW_16S_A_E_4.ct",1473,461,Yes,402400,1473,379,1949800
"CRW_16S_A_E_15.ct",1472,462,Yes,385300,"CRW_16S_A_E_5.ct",1473,462,Yes,340000,1473,144,1845300
"CRW_16S_A_E_15.ct",1472,462,Yes,385300,"CRW_16S_A_E_6.ct",1474,458,Yes,372800,1474,346,4624300
"CRW_16S_A_E_15.ct",1472,462,Yes,385300,"CRW_16S_A_E_7.ct",1477,462,Yes,433000,1477,257,2735200
"CRW_16S_A_E_15.ct",1472,462,Yes,385300,"CRW_16S_A_E_8.ct",1468,460,Yes,338000,1472,406,3109600
"CRW_16S_A_E_15.ct",1472,462,Yes,385300,"CRW_16S_A_E_9.ct",1467,457,Yes,390900,1472,405,3057100
"CRW_16S_A_E_15.ct",1472,462,Yes,385300,"CRW_16S_A_N_12.ct",1501,474,Yes,354600,1501,419,2553800
"CRW_16S_A_E_16.ct",1512,474,Yes,413700,"CRW_16S_A_E_17.ct",1496,469,Yes,366400,1512,358,1803300
"CRW_16S_A_E_16.ct",1512,474,Yes,413700,"CRW_16S_A_E_18.ct",1500,473,Yes,400800,1512,383,1810700
"CRW_16S_A_E_16.ct",1512,474,Yes,413700,"CRW_16S_A_E_2.ct",1493,471,Yes,353900,1512,414,1774600
"CRW_16S_A_E_16.ct",1512,474,Yes,413700,"CRW_16S_A_E_23.ct",1487,468,Yes,482600,1512,416,1790700
"CRW_16S_A_E_16.ct",1512,474,Yes,413700,"CRW_16S_A_E_24.ct",1473,462,Yes,412700,1512,417,1889300
"CRW_16S_A_E_16.ct",1512,474,Yes,413700,"CRW_16S_A_E_3.ct",1473,461,Yes,400400,1512,419,1784000
"CRW_16S_A_E_16.ct",1512,474,Yes,413700,"CRW_16S_A_E_4.ct",1473,461,Yes,402400,1512,419,1855700
"CRW_16S_A_E_16.ct",1512,474,Yes,413700,"CRW_16S_A_E_5.ct",1473,462,Yes,340000,1512,418,2395200
"CRW_16S_A_E_16.ct",1512,474,Yes,413700,"CRW_16S_A_E_6.ct",1474,458,Yes,372800,1512,419,2376600
"CRW_16S_A_E_16.ct",1512,474,Yes,413700,"CRW_16S_A_E_7.ct",1477,462,Yes,433000,1512,415,1793100
"CRW_16S_A_E_16.ct",1512,474,Yes,413700,"CRW_16S_A_E_8.ct",1468,460,Yes,338000,1512,417,1740600
"CRW_16S_A_E_16.ct",1512,474,Yes,413700,"CRW_16S_A_E_9.ct",1467,457,Yes,390900,1512,417,1793300
"CRW_16S_A_E_16.ct",1512,474,Yes,413700,"CRW_16S_A_N_12.ct",1501,474,Yes,354600,1512,405,1886300
"CRW_16S_A_E_17.ct",1496,469,Yes,366400,"CRW_16S_A_E_18.ct",1500,473,Yes,400800,1500,328,1947300
"CRW_16S_A_E_17.ct",1496,469,Yes,366400,"CRW_16S_A_E_2.ct",1493,471,Yes,353900,1496,357,2372600
"CRW_16S_A_E_17.ct",1496,469,Yes,366400,"CRW_16S_A_E_23.ct",1487,468,Yes,482600,1496,416,1951700
"CRW_16S_A_E_17.ct",1496,469,Yes,366400,"CRW_16S_A_E_24.ct",1473,462,Yes,412700,1496,415,1950000
"CRW_16S_A_E_17.ct",1496,469,Yes,366400,"CRW_16S_A_E_3.ct",1473,461,Yes,400400,1496,417,1733800
"CRW_16S_A_E_17.ct",1496,469,Yes,366400,"CRW_16S_A_E_4.ct",1473,461,Yes,402400,1496,417,1705200
"CRW_16S_A_E_17.ct",1496,469,Yes,366400,"CRW_16S_A_E_5.ct",1473,462,Yes,340000,1496,417,1862000
"CRW_16S_A_E_17.ct",1496,469,Yes,366400,"CRW_16S_A_E_6.ct",1474,458,Yes,372800,1496,415,2049900
"CRW_16S_A_E_17.ct",1496,469,Yes,366400,"CRW_16S_A_E_7.ct",1477,462,Yes,433000,1496,413,1747700
"CRW_16S_A_E_17.ct",1496,469,Yes,366400,"CRW_16S_A_E_8.ct",1468,460,Yes,338000,1496,415,2069000
"CRW_16S_A_E_17.ct",1496,469,Yes,366400,"CRW_16S_A_E_9.ct",1467,457,Yes,390900,1496,415,1712800
"CRW_16S_A_E_17.ct",1496,469,Yes,366400,"CRW_16S_A_N_12.ct",1501,474,Yes,354600,1501,419,1883000
"CRW_16S_A_E_18.ct",1500,473,Yes,400800,"CRW_16S_A_E_2.ct",1493,471,Yes,353900,1500,242,1834400
"CRW_16S_A_E_18.ct",1500,473,Yes,400800,"CRW_16S_A_E_23.ct",1487,468,Yes,482600,1500,416,1826300
"CRW_16S_A_E_18.ct",1500,473,Yes,400800,"CRW_16S_A_E_24.ct",1473,462,Yes,412700,1500,417,1782800
"CRW_16S_A_E_18.ct",1500,473,Yes,400800,"CRW_16S_A_E_3.ct",1473,461,Yes,400400,1500,418,1768200
"CRW_16S_A_E_18.ct",1500,473,Yes,400800,"CRW_16S_A_E_4.ct",1473,461,Yes,402400,1500,418,2846400
"CRW_16S_A_E_18.ct",1500,473,Yes,400800,"CRW_16S_A_E_5.ct",1473,462,Yes,340000,1500,418,2095800
"CRW_16S_A_E_18.ct",1500,473,Yes,400800,"CRW_16S_A_E_6.ct",1474,458,Yes,372800,1500,418,1770700
"CRW_16S_A_E_18.ct",1500,473,Yes,400800,"CRW_16S_A_E_7.ct",1477,462,Yes,433000,1500,414,1701300
"CRW_16S_A_E_18.ct",1500,473,Yes,400800,"CRW_16S_A_E_8.ct",1468,460,Yes,338000,1500,416,1699100
"CRW_16S_A_E_18.ct",1500,473,Yes,400800,"CRW_16S_A_E_9.ct",1467,457,Yes,390900,1500,416,1899900
"CRW_16S_A_E_18.ct",1500,473,Yes,400800,"CRW_16S_A_N_12.ct",1501,474,Yes,354600,1501,420,1935800
"CRW_16S_A_E_2.ct",1493,471,Yes,353900,"CRW_16S_A_E_23.ct",1487,468,Yes,482600,1493,417,1777200
"CRW_16S_A_E_2.ct",1493,471,Yes,353900,"CRW_16S_A_E_24.ct",1473,462,Yes,412700,1493,414,1863900
"CRW_16S_A_E_2.ct",1493,471,Yes,353900,"CRW_16S_A_E_3.ct",1473,461,Yes,400400,1493,416,1986700
"CRW_16S_A_E_2.ct",1493,471,Yes,353900,"CRW_16S_A_E_4.ct",1473,461,Yes,402400,1493,416,1818400
"CRW_16S_A_E_2.ct",1493,471,Yes,353900,"CRW_16S_A_E_5.ct",1473,462,Yes,340000,1493,415,1821900
"CRW_16S_A_E_2.ct",1493,471,Yes,353900,"CRW_16S_A_E_6.ct",1474,458,Yes,372800,1493,416,1800400
"CRW_16S_A_E_2.ct",1493,471,Yes,353900,"CRW_16S_A_E_7.ct",1477,462,Yes,433000,1493,412,2118000
"CRW_16S_A_E_2.ct",1493,471,Yes,353900,"CRW_16S_A_E_8.ct",1468,460,Yes,338000,1493,414,1912000
"CRW_16S_A_E_2.ct",1493,471,Yes,353900,"CRW_16S_A_E_9.ct",1467,457,Yes,390900,1493,414,2100100
"CRW_16S_A_E_2.ct",1493,471,Yes,353900,"CRW_16S_A_N_12.ct",1501,474,Yes,354600,1501,420,1839000
"CRW_16S_A_E_23.ct",1487,468,Yes,482600,"CRW_16S_A_E_24.ct",1473,462,Yes,412700,1487,411,1988100
"CRW_16S_A_E_23.ct",1487,468,Yes,482600,"CRW_16S_A_E_3.ct",1473,461,Yes,400400,1487,392,2858000
"CRW_16S_A_E_23.ct",1487,468,Yes,482600,"CRW_16S_A_E_4.ct",1473,461,Yes,402400,1487,392,3214900
"CRW_16S_A_E_23.ct",1487,468,Yes,482600,"CRW_16S_A_E_5.ct",1473,462,Yes,340000,1487,380,1849500
"CRW_16S_A_E_23.ct",1487,468,Yes,482600,"CRW_16S_A_E_6.ct",1474,458,Yes,372800,1487,414,1945200
"CRW_16S_A_E_23.ct",1487,468,Yes,482600,"CRW_16S_A_E_7.ct",1477,462,Yes,433000,1487,382,1977500
"CRW_16S_A_E_23.ct",1487,468,Yes,482600,"CRW_16S_A_E_8.ct",1468,460,Yes,338000,1487,412,2437900
"CRW_16S_A_E_23.ct",1487,468,Yes,482600,"CRW_16S_A_E_9.ct",1467,457,Yes,390900,1487,411,1777500
"CRW_16S_A_E_23.ct",1487,468,Yes,482600,"CRW_16S_A_N_12.ct",1501,474,Yes,354600,1501,420,1918500
"CRW_16S_A_E_24.ct",1473,462,Yes,412700,"CRW_16S_A_E_3.ct",1473,461,Yes,400400,1473,379,1794900
"CRW_16S_A_E_24.ct",1473,462,Yes,412700,"CRW_16S_A_E_4.ct",1473,461,Yes,402400,1473,379,1705700
"CRW_16S_A_E_24.ct",1473,462,Yes,412700,"CRW_16S_A_E_5.ct",1473,462,Yes,340000,1473,144,1774800
"CRW_16S_A_E_24.ct",1473,462,Yes,412700,"CRW_16S_A_E_6.ct",1474,458,Yes,372800,1474,346,2037400
"CRW_16S_A_E_24.ct",1473,462,Yes,412700,"CRW_16S_A_E_7.ct",1477,462,Yes,433000,1477,257,1829500
"CRW_16S_A_E_24.ct",1473,462,Yes,412700,"CRW_16S_A_E_8.ct",1468,460,Yes,338000,1473,406,2334100
"CRW_16S_A_E_24.ct",1473,462,Yes,412700,"CRW_16S_A_E_9.ct",1467,457,Yes,390900,1473,405,1691800
"CRW_16S_A_E_24.ct",1473,462,Yes,412700,"CRW_16S_A_N_12.ct",1501,474,Yes,354600,1501,419,1746300
"CRW_16S_A_E_3.ct",1473,461,Yes,400400,"CRW_16S_A_E_4.ct",1473,461,Yes,402400,1473,0,1776400
"CRW_16S_A_E_3.ct",1473,461,Yes,400400,"CRW_16S_A_E_5.ct",1473,462,Yes,340000,1473,355,1767300
"CRW_16S_A_E_3.ct",1473,461,Yes,400400,"CRW_16S_A_E_6.ct",1474,458,Yes,372800,1474,305,1769800
"CRW_16S_A_E_3.ct",1473,461,Yes,400400,"CRW_16S_A_E_7.ct",1477,462,Yes,433000,1477,407,1812800
"CRW_16S_A_E_3.ct",1473,461,Yes,400400,"CRW_16S_A_E_8.ct",1468,460,Yes,338000,1473,407,1856500
"CRW_16S_A_E_3.ct",1473,461,Yes,400400,"CRW_16S_A_E_9.ct",1467,457,Yes,390900,1473,406,1763100
"CRW_16S_A_E_3.ct",1473,461,Yes,400400,"CRW_16S_A_N_12.ct",1501,474,Yes,354600,1501,422,1919700
"CRW_16S_A_E_4.ct",1473,461,Yes,402400,"CRW_16S_A_E_5.ct",1473,462,Yes,340000,1473,355,1952200
"CRW_16S_A_E_4.ct",1473,461,Yes,402400,"CRW_16S_A_E_6.ct",1474,458,Yes,372800,1474,305,1903400
"CRW_16S_A_E_4.ct",1473,461,Yes,402400,"CRW_16S_A_E_7.ct",1477,462,Yes,433000,1477,407,2524100
"CRW_16S_A_E_4.ct",1473,461,Yes,402400,"CRW_16S_A_E_8.ct",1468,460,Yes,338000,1473,407,1827300
"CRW_16S_A_E_4.ct",1473,461,Yes,402400,"CRW_16S_A_E_9.ct",1467,457,Yes,390900,1473,406,1773000
"CRW_16S_A_E_4.ct",1473,461,Yes,402400,"CRW_16S_A_N_12.ct",1501,474,Yes,354600,1501,422,1926700
"CRW_16S_A_E_5.ct",1473,462,Yes,340000,"CRW_16S_A_E_6.ct",1474,458,Yes,372800,1474,377,1924000
"CRW_16S_A_E_5.ct",1473,462,Yes,340000,"CRW_16S_A_E_7.ct",1477,462,Yes,433000,1477,292,1984000
"CRW_16S_A_E_5.ct",1473,462,Yes,340000,"CRW_16S_A_E_8.ct",1468,460,Yes,338000,1473,408,1897200
"CRW_16S_A_E_5.ct",1473,462,Yes,340000,"CRW_16S_A_E_9.ct",1467,457,Yes,390900,1473,407,1846000
"CRW_16S_A_E_5.ct",1473,462,Yes,340000,"CRW_16S_A_N_12.ct",1501,474,Yes,354600,1501,422,3703000
"CRW_16S_A_E_6.ct",1474,458,Yes,372800,"CRW_16S_A_E_7.ct",1477,462,Yes,433000,1477,350,2157600
"CRW_16S_A_E_6.ct",1474,458,Yes,372800,"CRW_16S_A_E_8.ct",1468,460,Yes,338000,1474,351,1765500
"CRW_16S_A_E_6.ct",1474,458,Yes,372800,"CRW_16S_A_E_9.ct",1467,457,Yes,390900,1474,406,1724100
"CRW_16S_A_E_6.ct",1474,458,Yes,372800,"CRW_16S_A_N_12.ct",1501,474,Yes,354600,1501,421,1752000
"CRW_16S_A_E_7.ct",1477,462,Yes,433000,"CRW_16S_A_E_8.ct",1468,460,Yes,338000,1477,405,1676100
"CRW_16S_A_E_7.ct",1477,462,Yes,433000,"CRW_16S_A_E_9.ct",1467,457,Yes,390900,1477,405,1788400
"CRW_16S_A_E_7.ct",1477,462,Yes,433000,"CRW_16S_A_N_12.ct",1501,474,Yes,354600,1501,418,2112700
"CRW_16S_A_E_8.ct",1468,460,Yes,338000,"CRW_16S_A_E_9.ct",1467,457,Yes,390900,1468,314,2066200
"CRW_16S_A_E_8.ct",1468,460,Yes,338000,"CRW_16S_A_N_12.ct",1501,474,Yes,354600,1501,420,1968400
"CRW_16S_A_E_9.ct",1467,457,Yes,390900,"CRW_16S_A_N_12.ct",1501,474,Yes,354600,1501,420,1802200
